date,temperature_2m
1994-01-01,298.8411159515381
1994-01-02,298.8655541737874
1994-01-03,298.18008359273273
1994-01-04,297.64509773254395
1994-01-05,298.5871931711833
1994-01-06,298.1226450602214
1994-01-07,298.00990867614746
1994-01-08,299.4387029012044
1994-01-09,299.2922871907552
1994-01-10,298.7968635559082
1994-01-11,298.9741128285726
1994-01-12,298.56982866923016
1994-01-13,298.04090627034503
1994-01-14,297.80510266621906
1994-01-15,298.65634791056317
1994-01-16,298.0589720408122
1994-01-17,297.12344614664715
1994-01-18,297.9434502919515
1994-01-19,298.2259298960368
1994-01-20,298.57948239644367
1994-01-21,298.53041013081867
1994-01-22,298.3353627522786
1994-01-23,298.56878026326496
1994-01-24,299.06285858154297
1994-01-25,299.6717993418376
1994-01-26,299.48337999979657
1994-01-27,299.1449197133382
1994-01-28,299.10052490234375
1994-01-29,298.230676651001
1994-01-30,297.7768039703369
1994-01-31,297.9573605855306
1994-02-01,298.2712987263997
1994-02-02,298.8543510437012
1994-02-03,298.5696169535319
1994-02-04,298.56847826639813
1994-02-05,298.2470995585124
1994-02-06,298.30919456481934
1994-02-07,298.3108901977539
1994-02-08,298.01412200927734
1994-02-09,297.5493729909261
1994-02-10,297.48124504089355
1994-02-11,297.79993629455566
1994-02-12,297.75388781229657
1994-02-13,297.64422607421875
1994-02-14,297.93329366048175
1994-02-15,297.72043228149414
1994-02-16,298.24327023824054
1994-02-17,298.61205164591473
1994-02-18,298.7377503712972
1994-02-19,298.1164429982503
1994-02-20,297.969207127889
1994-02-21,298.14523124694824
1994-02-22,298.1133670806885
1994-02-23,298.3751049041748
1994-02-24,298.6424032847087
1994-02-25,299.3073565165202
1994-02-26,298.7835521697998
1994-02-27,298.3635533650716
1994-02-28,297.72036425272626
1994-03-01,298.26412264506024
1994-03-02,298.67478624979657
1994-03-03,298.03148142496747
1994-03-04,298.1307684580485
1994-03-05,297.62797355651855
1994-03-06,297.0650863647461
1994-03-07,298.2884012858073
1994-03-08,298.3591842651367
1994-03-09,298.4950421651204
1994-03-10,298.4657859802246
1994-03-11,298.47052001953125
1994-03-12,299.06744384765625
1994-03-13,299.22421137491864
1994-03-14,298.8855857849121
1994-03-15,298.5592511494954
1994-03-16,298.09424781799316
1994-03-17,298.109343846639
1994-03-18,298.1380074818929
1994-03-19,298.4330374399821
1994-03-20,297.97288513183594
1994-03-21,297.9524834950765
1994-03-22,298.32991218566895
1994-03-23,298.607453028361
1994-03-24,298.443452835083
1994-03-25,297.891902923584
1994-03-26,297.67641194661456
1994-03-27,298.3631642659505
1994-03-28,298.2771186828613
1994-03-29,298.00483957926434
1994-03-30,297.61021995544434
1994-03-31,298.07788530985516
1994-04-01,298.31804784138996
1994-04-02,298.3474311828613
1994-04-03,298.3059075673421
1994-04-04,298.980863571167
1994-04-05,298.5122178395589
1994-04-06,298.54094250996906
1994-04-07,298.1194788614909
1994-04-08,298.33509890238446
1994-04-09,297.4243227640788
1994-04-10,297.42034403483075
1994-04-11,297.96911493937176
1994-04-12,298.05074946085614
1994-04-13,298.4987252553304
1994-04-14,298.2270399729411
1994-04-15,297.9292449951172
1994-04-16,298.31292724609375
1994-04-17,298.47750027974445
1994-04-18,298.306832631429
1994-04-19,298.8441047668457
1994-04-20,298.330805460612
1994-04-21,297.9908809661865
1994-04-22,298.0095723470052
1994-04-23,298.44505945841473
1994-04-24,298.8493061065674
1994-04-25,299.4555466969808
1994-04-26,299.23391914367676
1994-04-27,298.27790387471515
1994-04-28,298.7204297383626
1994-04-29,299.15785789489746
1994-04-30,298.38735071818036
1994-05-01,298.1479555765788
1994-05-02,298.17893091837567
1994-05-03,297.915241877238
1994-05-04,298.67226791381836
1994-05-05,299.0287386576335
1994-05-06,298.8981018066406
1994-05-07,298.95361518859863
1994-05-08,298.89520327250165
1994-05-09,298.22208468119305
1994-05-10,297.99281374613446
1994-05-11,298.54453531901044
1994-05-12,298.1820475260417
1994-05-13,298.7379500071208
1994-05-14,298.93154462178546
1994-05-15,298.4966360727946
1994-05-16,298.08898162841797
1994-05-17,298.62219492594403
1994-05-18,298.63439242045087
1994-05-19,299.32105382283527
1994-05-20,298.91010665893555
1994-05-21,299.082524617513
1994-05-22,298.97398440043133
1994-05-23,298.542963663737
1994-05-24,298.65684191385907
1994-05-25,298.8063538869222
1994-05-26,299.2382411956787
1994-05-27,298.96918360392254
1994-05-28,298.7903531392415
1994-05-29,298.8513240814209
1994-05-30,298.96630859375
1994-05-31,298.91913414001465
1994-06-01,299.2529945373535
1994-06-02,299.3807786305745
1994-06-03,299.23174413045246
1994-06-04,299.2110703786214
1994-06-05,299.37311935424805
1994-06-06,299.1686185201009
1994-06-07,299.1188742319743
1994-06-08,298.748784383138
1994-06-09,299.097261428833
1994-06-10,299.0133164723714
1994-06-11,299.26673126220703
1994-06-12,298.4725049336751
1994-06-13,298.5140724182129
1994-06-14,298.9070103963216
1994-06-15,298.95077196757
1994-06-16,299.00492032368976
1994-06-17,299.55570729573566
1994-06-18,299.1634578704834
1994-06-19,298.83121490478516
1994-06-20,298.68388684590656
1994-06-21,298.9502010345459
1994-06-22,298.86320940653485
1994-06-23,298.68962542215985
1994-06-24,299.1774266560872
1994-06-25,299.4141654968262
1994-06-26,298.8700358072917
1994-06-27,298.5894037882487
1994-06-28,298.55490430196124
1994-06-29,298.48702176411945
1994-06-30,298.4622179667155
1994-07-01,298.96115175882977
1994-07-02,298.99770164489746
1994-07-03,299.0620517730713
1994-07-04,299.4169635772705
1994-07-05,299.0343373616536
1994-07-06,298.72469838460285
1994-07-07,298.5641091664632
1994-07-08,299.000036239624
1994-07-09,298.8973579406738
1994-07-10,298.7999382019043
1994-07-11,298.6011212666829
1994-07-12,298.71552149454754
1994-07-13,298.8436285654704
1994-07-14,298.1761824289958
1994-07-15,299.0615482330322
1994-07-16,299.13574091593426
1994-07-17,298.63179270426434
1994-07-18,298.3962860107422
1994-07-19,298.5369504292806
1994-07-20,298.9300314585368
1994-07-21,299.0872147878011
1994-07-22,299.390380859375
1994-07-23,299.53686650594074
1994-07-24,299.62882804870605
1994-07-25,299.899995803833
1994-07-26,299.72730445861816
1994-07-27,299.4744052886963
1994-07-28,299.414218266805
1994-07-29,299.47946612040204
1994-07-30,299.5827000935872
1994-07-31,299.63837242126465
1994-08-01,299.1771697998047
1994-08-02,299.10708745320636
1994-08-03,299.33019574483234
1994-08-04,299.5703067779541
1994-08-05,299.6947600046794
1994-08-06,299.4271774291992
1994-08-07,299.36680666605633
1994-08-08,299.4649766286214
1994-08-09,299.6035982767741
1994-08-10,299.6653658548991
1994-08-11,299.64065233866376
1994-08-12,299.50739097595215
1994-08-13,299.7748940785726
1994-08-14,300.0213146209717
1994-08-15,300.1670201619466
1994-08-16,300.42191886901855
1994-08-17,300.18274815877277
1994-08-18,300.01720746358234
1994-08-19,300.11428960164386
1994-08-20,300.2130813598633
1994-08-21,300.12720680236816
1994-08-22,300.1029631296794
1994-08-23,300.34092903137207
1994-08-24,300.1748803456624
1994-08-25,299.7451362609863
1994-08-26,299.68456586201984
1994-08-27,299.7569440205892
1994-08-28,299.99033482869464
1994-08-29,299.7457269032796
1994-08-30,299.83166376749676
1994-08-31,299.95066197713214
1994-09-01,299.97364616394043
1994-09-02,300.1183687845866
1994-09-03,300.1482728322347
1994-09-04,300.10585530598956
1994-09-05,300.1916910807292
1994-09-06,300.35758209228516
1994-09-07,300.31351407368976
1994-09-08,300.01495869954425
1994-09-09,300.4344259897868
1994-09-10,300.1137180328369
1994-09-11,299.97573471069336
1994-09-12,300.3926652272542
1994-09-13,300.45703442891437
1994-09-14,300.6271489461263
1994-09-15,300.5035870869954
1994-09-16,300.7954928080241
1994-09-17,300.83523813883465
1994-09-18,300.9271348317464
1994-09-19,300.6281820933024
1994-09-20,300.3831844329834
1994-09-21,300.818795522054
1994-09-22,300.7460187276204
1994-09-23,300.6558901468913
1994-09-24,300.83253542582196
1994-09-25,300.7685972849528
1994-09-26,300.6552956899007
1994-09-27,300.51046498616535
1994-09-28,300.54480934143066
1994-09-29,300.2666765848796
1994-09-30,300.4384574890137
1994-10-01,300.4845485687256
1994-10-02,300.3854281107585
1994-10-03,300.5753854115804
1994-10-04,300.63524945576984
1994-10-05,300.23697662353516
1994-10-06,300.2880795796712
1994-10-07,300.50435574849445
1994-10-08,300.45606931050617
1994-10-09,300.2423343658447
1994-10-10,300.70260938008624
1994-10-11,300.9653739929199
1994-10-12,301.1241881052653
1994-10-13,300.8934160868327
1994-10-14,300.60203234354657
1994-10-15,300.2912419637044
1994-10-16,300.1636441548665
1994-10-17,300.06380971272785
1994-10-18,300.50042215983075
1994-10-19,300.7084274291992
1994-10-20,300.7168108622233
1994-10-21,300.57402483622235
1994-10-22,300.7784226735433
1994-10-23,300.6701005299886
1994-10-24,300.86458587646484
1994-10-25,300.7046318054199
1994-10-26,300.39611053466797
1994-10-27,300.273047765096
1994-10-28,300.63571484883624
1994-10-29,301.1188322703044
1994-10-30,300.7026818593343
1994-10-31,300.70037905375165
1994-11-01,300.6866060892741
1994-11-02,300.3762690226237
1994-11-03,300.1164493560791
1994-11-04,300.04712168375653
1994-11-05,300.3092606862386
1994-11-06,300.68907356262207
1994-11-07,300.5235125223796
1994-11-08,300.5255406697591
1994-11-09,300.6640631357829
1994-11-10,300.98246637980145
1994-11-11,300.5948683420817
1994-11-12,300.643409093221
1994-11-13,300.7969430287679
1994-11-14,300.3410879770915
1994-11-15,300.5704460144043
1994-11-16,300.61669794718426
1994-11-17,300.98910331726074
1994-11-18,300.6188971201579
1994-11-19,301.0268834431966
1994-11-20,300.6207739512126
1994-11-21,301.01276779174805
1994-11-22,301.02430788675946
1994-11-23,300.43174680074054
1994-11-24,300.08297793070477
1994-11-25,300.6500422159831
1994-11-26,300.4776363372803
1994-11-27,300.0149402618408
1994-11-28,300.0427055358887
1994-11-29,299.64926020304364
1994-11-30,300.0738067626953
1994-12-01,300.5772310892741
1994-12-02,300.73731358846027
1994-12-03,300.8130639394124
1994-12-04,300.93387540181476
1994-12-05,300.3895734151204
1994-12-06,301.0717881520589
1994-12-07,301.00354766845703
1994-12-08,300.5685005187988
1994-12-09,300.52392323811847
1994-12-10,299.83002853393555
1994-12-11,300.04061635335285
1994-12-12,299.55792744954425
1994-12-13,299.5583190917969
1994-12-14,298.918493270874
1994-12-15,299.1083221435547
1994-12-16,299.6312255859375
1994-12-17,300.76622263590497
1994-12-18,300.5991802215576
1994-12-19,300.17373911539715
1994-12-20,299.9153226216634
1994-12-21,299.6825148264567
1994-12-22,299.78845659891766
1994-12-23,299.34739049275714
1994-12-24,298.79972585042316
1994-12-25,298.1180140177409
1994-12-26,297.3508046468099
1994-12-27,298.04194259643555
1994-12-28,299.39044825236004
1994-12-29,299.3986333211263
1994-12-30,299.5784549713135
1994-12-31,299.6466172536214
1995-01-01,299.1693426767985
1995-01-02,299.3632507324219
1995-01-03,299.1244347890218
1995-01-04,298.58837127685547
1995-01-05,299.1827907562256
1995-01-06,298.65390078226727
1995-01-07,298.597131729126
1995-01-08,298.30053393046063
1995-01-09,297.8648452758789
1995-01-10,298.1809310913086
1995-01-11,298.689494450887
1995-01-12,298.47811571757
1995-01-13,298.00415929158527
1995-01-14,298.0581448872884
1995-01-15,298.7473621368408
1995-01-16,299.2860190073649
1995-01-17,299.6079921722412
1995-01-18,299.54321734110516
1995-01-19,299.1791019439697
1995-01-20,299.6629861195882
1995-01-21,299.85352325439453
1995-01-22,299.65633900960285
1995-01-23,299.4982159932454
1995-01-24,299.0777282714844
1995-01-25,299.28150939941406
1995-01-26,298.7368628184001
1995-01-27,298.8563340504964
1995-01-28,298.4384231567383
1995-01-29,298.49074427286786
1995-01-30,298.7298183441162
1995-01-31,298.7609856923421
1995-02-01,298.81747817993164
1995-02-02,298.49794324239093
1995-02-03,298.0973637898763
1995-02-04,299.2582035064697
1995-02-05,299.2703444163005
1995-02-06,298.9030335744222
1995-02-07,297.94802983601886
1995-02-08,298.0472831726074
1995-02-09,298.8833236694336
1995-02-10,299.2765572865804
1995-02-11,298.16116015116376
1995-02-12,297.83621915181476
1995-02-13,298.11914952596027
1995-02-14,298.18470573425293
1995-02-15,298.42373593648273
1995-02-16,299.0655091603597
1995-02-17,298.5229689280192
1995-02-18,298.0598208109538
1995-02-19,297.99473063151044
1995-02-20,297.7431354522705
1995-02-21,298.09386189778644
1995-02-22,298.1932258605957
1995-02-23,297.3937638600667
1995-02-24,297.9292221069336
1995-02-25,298.58690643310547
1995-02-26,298.8841044108073
1995-02-27,299.08326721191406
1995-02-28,298.82106018066406
1995-03-01,298.71745173136395
1995-03-02,298.98323822021484
1995-03-03,299.16605313618976
1995-03-04,298.7732861836751
1995-03-05,298.856014251709
1995-03-06,299.2860787709554
1995-03-07,299.21560859680176
1995-03-08,298.835485458374
1995-03-09,298.95085016886395
1995-03-10,298.97753651936847
1995-03-11,299.0598373413086
1995-03-12,297.8156859079997
1995-03-13,298.4714463551839
1995-03-14,297.8544381459554
1995-03-15,299.17368443806964
1995-03-16,299.8126449584961
1995-03-17,299.2144940694173
1995-03-18,298.9551588694255
1995-03-19,298.595698038737
1995-03-20,298.7907085418701
1995-03-21,299.34833335876465
1995-03-22,299.09066009521484
1995-03-23,298.6593100229899
1995-03-24,298.30030759175617
1995-03-25,298.4945011138916
1995-03-26,298.5551586151123
1995-03-27,299.2466227213542
1995-03-28,299.11479059855145
1995-03-29,299.1954237620036
1995-03-30,298.85402488708496
1995-03-31,298.5722408294678
1995-04-01,298.1045061747233
1995-04-02,297.72067324320477
1995-04-03,298.57240041097003
1995-04-04,298.3826274871826
1995-04-05,298.55735778808594
1995-04-06,298.5749937693278
1995-04-07,298.11021677652997
1995-04-08,298.71054522196454
1995-04-09,298.6886240641276
1995-04-10,297.62227121988934
1995-04-11,297.86712074279785
1995-04-12,299.08892758687335
1995-04-13,298.7625389099121
1995-04-14,299.0338999430339
1995-04-15,298.5188439687093
1995-04-16,298.44424057006836
1995-04-17,298.39166259765625
1995-04-18,299.26500511169434
1995-04-19,299.35354741414386
1995-04-20,298.99066098531085
1995-04-21,298.86963653564453
1995-04-22,298.58943367004395
1995-04-23,298.81603558858234
1995-04-24,298.955379486084
1995-04-25,299.4444071451823
1995-04-26,298.9998264312744
1995-04-27,298.4976050059001
1995-04-28,298.24112129211426
1995-04-29,298.78711318969727
1995-04-30,298.71987851460773
1995-05-01,299.04360008239746
1995-05-02,298.8112958272298
1995-05-03,298.0278657277425
1995-05-04,298.5911973317464
1995-05-05,298.9501845041911
1995-05-06,298.5879376729329
1995-05-07,299.27453231811523
1995-05-08,298.3795960744222
1995-05-09,298.8981227874756
1995-05-10,299.1719341278076
1995-05-11,299.5638739267985
1995-05-12,299.55131403605145
1995-05-13,299.37294324239093
1995-05-14,299.28446769714355
1995-05-15,299.0991948445638
1995-05-16,299.3842480977376
1995-05-17,298.5842291514079
1995-05-18,298.4346574147542
1995-05-19,297.4803002675374
1995-05-20,298.23780186971027
1995-05-21,298.47014236450195
1995-05-22,297.74396324157715
1995-05-23,298.2495339711507
1995-05-24,298.71008173624676
1995-05-25,298.7721773783366
1995-05-26,298.77002716064453
1995-05-27,299.25823465983075
1995-05-28,298.7830219268799
1995-05-29,298.19879086812335
1995-05-30,298.0817451477051
1995-05-31,298.75053850809735
1995-06-01,298.8121458689372
1995-06-02,298.64155832926434
1995-06-03,298.8478895823161
1995-06-04,298.51444180806476
1995-06-05,299.33993593851727
1995-06-06,299.4051513671875
1995-06-07,299.8383324940999
1995-06-08,300.1691602071126
1995-06-09,300.23781458536786
1995-06-10,299.5819441477458
1995-06-11,299.5887813568115
1995-06-12,299.47666358947754
1995-06-13,299.7231108347575
1995-06-14,300.23861567179364
1995-06-15,300.13163503011066
1995-06-16,299.84032185872394
1995-06-17,300.1661027272542
1995-06-18,300.06371752421063
1995-06-19,299.4722620646159
1995-06-20,299.4581756591797
1995-06-21,299.35363070170087
1995-06-22,298.6856034596761
1995-06-23,298.9235273996989
1995-06-24,298.81429227193195
1995-06-25,299.43840408325195
1995-06-26,299.63025665283203
1995-06-27,299.35972023010254
1995-06-28,298.86020787556964
1995-06-29,299.3736031850179
1995-06-30,299.4343681335449
1995-07-01,298.9190921783447
1995-07-02,298.75103123982746
1995-07-03,298.67594210306805
1995-07-04,298.6404914855957
1995-07-05,298.5550791422526
1995-07-06,298.6954809824626
1995-07-07,299.32118542989093
1995-07-08,299.2502663930257
1995-07-09,299.6013539632161
1995-07-10,299.18375905354816
1995-07-11,298.9049606323242
1995-07-12,299.30192883809406
1995-07-13,299.63031514485675
1995-07-14,299.9402421315511
1995-07-15,299.3914566040039
1995-07-16,299.0276412963867
1995-07-17,299.115925470988
1995-07-18,299.2602996826172
1995-07-19,299.62892150878906
1995-07-20,299.5442746480306
1995-07-21,299.5320103963216
1995-07-22,299.8105805714925
1995-07-23,299.7729969024658
1995-07-24,300.07403055826825
1995-07-25,299.99867184956867
1995-07-26,299.68864186604816
1995-07-27,299.7868124643962
1995-07-28,299.33386039733887
1995-07-29,299.9671986897786
1995-07-30,300.19867579142254
1995-07-31,300.1365451812744
1995-08-01,300.1795482635498
1995-08-02,300.023930867513
1995-08-03,300.1387945810954
1995-08-04,300.3467089335124
1995-08-05,300.26378949483234
1995-08-06,300.17112731933594
1995-08-07,300.0473206837972
1995-08-08,299.8704090118408
1995-08-09,300.37953186035156
1995-08-10,300.65931638081867
1995-08-11,300.62543805440265
1995-08-12,300.2649777730306
1995-08-13,300.4826119740804
1995-08-14,300.493366877238
1995-08-15,300.59709040323895
1995-08-16,300.40623474121094
1995-08-17,300.4504165649414
1995-08-18,300.48326937357587
1995-08-19,300.75605456034344
1995-08-20,300.7522366841634
1995-08-21,300.6659514109294
1995-08-22,300.8436787923177
1995-08-23,301.0920104980469
1995-08-24,301.1713358561198
1995-08-25,300.96749178568524
1995-08-26,300.8543249766032
1995-08-27,300.58187611897785
1995-08-28,300.36597633361816
1995-08-29,300.5031032562256
1995-08-30,300.6236572265625
1995-08-31,300.87899843851727
1995-09-01,300.21837933858234
1995-09-02,300.3619696299235
1995-09-03,300.3719291687012
1995-09-04,300.3442147572835
1995-09-05,300.1023527781169
1995-09-06,300.61300722757977
1995-09-07,300.7503153483073
1995-09-08,300.8649711608887
1995-09-09,301.34072240193683
1995-09-10,300.9039840698242
1995-09-11,300.6097520192464
1995-09-12,300.93529574076337
1995-09-13,301.0220425923665
1995-09-14,300.7448247273763
1995-09-15,301.04578590393066
1995-09-16,300.58371607462567
1995-09-17,300.3955243428548
1995-09-18,300.4754835764567
1995-09-19,300.2671699523926
1995-09-20,300.333443959554
1995-09-21,300.68166224161786
1995-09-22,301.00820604960126
1995-09-23,301.0266106923421
1995-09-24,300.9450391133626
1995-09-25,300.95104789733887
1995-09-26,300.7288564046224
1995-09-27,300.9629135131836
1995-09-28,300.940128326416
1995-09-29,301.3490403493245
1995-09-30,301.59289995829266
1995-10-01,301.1836395263672
1995-10-02,300.6382026672363
1995-10-03,300.52577845255536
1995-10-04,300.81570053100586
1995-10-05,300.8552163441976
1995-10-06,300.9851296742757
1995-10-07,300.7497959136963
1995-10-08,300.6482696533203
1995-10-09,301.0617733001709
1995-10-10,300.73758761088055
1995-10-11,301.0477600097656
1995-10-12,300.39632987976074
1995-10-13,300.7549025217692
1995-10-14,301.1835943857829
1995-10-15,301.1808331807454
1995-10-16,301.0539944966634
1995-10-17,301.2637354532878
1995-10-18,301.09190432230633
1995-10-19,301.26351165771484
1995-10-20,301.15869522094727
1995-10-21,300.7743962605794
1995-10-22,300.8267466227214
1995-10-23,301.1355063120524
1995-10-24,301.44589869181317
1995-10-25,300.99013646443683
1995-10-26,301.1797574361165
1995-10-27,300.7391923268636
1995-10-28,300.75109481811523
1995-10-29,300.8637345631917
1995-10-30,301.1344865163167
1995-10-31,300.92307154337567
1995-11-01,298.84944852193195
1995-11-02,299.6512393951416
1995-11-03,300.34711329142254
1995-11-04,300.6922671000163
1995-11-05,300.313658396403
1995-11-06,299.8607915242513
1995-11-07,300.3320547739665
1995-11-08,299.8711585998535
1995-11-09,299.9070021311442
1995-11-10,300.0741895039876
1995-11-11,300.0746332804362
1995-11-12,299.3456350962321
1995-11-13,300.57323328653973
1995-11-14,300.7458152770996
1995-11-15,300.4744517008464
1995-11-16,300.54391288757324
1995-11-17,300.00264104207355
1995-11-18,300.3960641225179
1995-11-19,300.70482508341473
1995-11-20,300.7570063273112
1995-11-21,300.7747968037923
1995-11-22,300.61022186279297
1995-11-23,300.35934321085614
1995-11-24,300.5243797302246
1995-11-25,300.64623006184894
1995-11-26,300.95050048828125
1995-11-27,300.1510124206543
1995-11-28,300.7248134613037
1995-11-29,300.78829129536945
1995-11-30,297.49210357666016
1995-12-01,299.10583623250324
1995-12-02,300.3306465148926
1995-12-03,300.56898434956867
1995-12-04,300.3516960144043
1995-12-05,300.5715872446696
1995-12-06,300.75469907124835
1995-12-07,300.8844477335612
1995-12-08,300.40530586242676
1995-12-09,300.90346654256183
1995-12-10,300.9269936879476
1995-12-11,300.77221552530926
1995-12-12,300.8426221211751
1995-12-13,299.8273073832194
1995-12-14,300.06871859232587
1995-12-15,300.1596221923828
1995-12-16,300.37227630615234
1995-12-17,300.93929227193195
1995-12-18,301.07817522684735
1995-12-19,300.47437540690106
1995-12-20,299.7427565256755
1995-12-21,299.8079439798991
1995-12-22,300.2909406026204
1995-12-23,300.0316905975342
1995-12-24,300.28070004781085
1995-12-25,300.40845044453937
1995-12-26,300.1064745585124
1995-12-27,299.466365814209
1995-12-28,299.4728660583496
1995-12-29,298.9063014984131
1995-12-30,298.602928797404
1995-12-31,299.24323654174805
1996-01-01,298.9665705362956
1996-01-02,299.65464274088544
1996-01-03,299.3538653055827
1996-01-04,298.98154004414874
1996-01-05,297.49056180318195
1996-01-06,297.25830968221027
1996-01-07,297.86141649882
1996-01-08,298.49284744262695
1996-01-09,298.8937225341797
1996-01-10,299.1826254526774
1996-01-11,299.34750684102374
1996-01-12,298.7220973968506
1996-01-13,297.4529495239258
1996-01-14,297.41394424438477
1996-01-15,297.3240674336751
1996-01-16,296.9982039133708
1996-01-17,298.301020304362
1996-01-18,299.0259157816569
1996-01-19,298.0061798095703
1996-01-20,297.6505769093831
1996-01-21,298.5826981862386
1996-01-22,298.56528663635254
1996-01-23,298.5581982930501
1996-01-24,298.74136479695636
1996-01-25,299.6927795410156
1996-01-26,299.6587556203206
1996-01-27,299.15901311238605
1996-01-28,298.9543259938558
1996-01-29,299.21831766764325
1996-01-30,299.1251633961995
1996-01-31,298.2268772125244
1996-02-01,298.6342353820801
1996-02-02,298.34939257303876
1996-02-03,298.28661727905273
1996-02-04,297.8069197336833
1996-02-05,297.66575876871747
1996-02-06,297.6184558868408
1996-02-07,298.7151069641113
1996-02-08,299.7168674468994
1996-02-09,299.83653322855633
1996-02-10,299.31530316670734
1996-02-11,299.32117080688477
1996-02-12,299.7720177968343
1996-02-13,299.415953318278
1996-02-14,298.87616539001465
1996-02-15,298.26530838012695
1996-02-16,297.9148769378662
1996-02-17,297.2811985015869
1996-02-18,297.52633412679035
1996-02-19,297.4018719991048
1996-02-20,297.5723876953125
1996-02-21,297.7446969350179
1996-02-22,298.2406431833903
1996-02-23,299.1751766204834
1996-02-24,299.21981112162274
1996-02-25,298.84304364522296
1996-02-26,299.3370838165283
1996-02-27,299.42105293273926
1996-02-28,299.2398859659831
1996-02-29,298.858091990153
1996-03-01,299.3271732330322
1996-03-02,299.34935251871747
1996-03-03,298.9024149576823
1996-03-04,298.6104736328125
1996-03-05,297.6837787628174
1996-03-06,297.51893615722656
1996-03-07,297.75778071085614
1996-03-08,298.52943992614746
1996-03-09,298.0195089975993
1996-03-10,298.37206077575684
1996-03-11,298.16333198547363
1996-03-12,297.9666754404704
1996-03-13,297.90572420756024
1996-03-14,297.76985931396484
1996-03-15,298.8575922648112
1996-03-16,299.07251230875653
1996-03-17,297.97034962972003
1996-03-18,298.0457623799642
1996-03-19,299.4939155578613
1996-03-20,298.9113521575928
1996-03-21,298.6636562347412
1996-03-22,298.71875890096027
1996-03-23,298.6500047047933
1996-03-24,299.0482095082601
1996-03-25,298.68445777893066
1996-03-26,298.05695788065594
1996-03-27,298.3699480692546
1996-03-28,297.81082916259766
1996-03-29,298.2189362843831
1996-03-30,298.57143147786456
1996-03-31,298.33070945739746
1996-04-01,298.7900505065918
1996-04-02,299.06827036539715
1996-04-03,299.07526206970215
1996-04-04,298.2373339335124
1996-04-05,297.3735993703206
1996-04-06,298.1298122406006
1996-04-07,298.16929690043133
1996-04-08,298.6362597147624
1996-04-09,298.4181836446126
1996-04-10,299.0172239939372
1996-04-11,298.6136767069499
1996-04-12,297.5529899597168
1996-04-13,297.47264671325684
1996-04-14,298.0215485890706
1996-04-15,298.19176928202313
1996-04-16,297.80892753601074
1996-04-17,297.8130925496419
1996-04-18,298.6128050486247
1996-04-19,298.1196988423665
1996-04-20,297.5978418986003
1996-04-21,298.71896171569824
1996-04-22,299.58764902750653
1996-04-23,298.78336842854816
1996-04-24,299.3628222147624
1996-04-25,299.69185574849445
1996-04-26,299.202730178833
1996-04-27,299.51786613464355
1996-04-28,299.500680287679
1996-04-29,298.4880084991455
1996-04-30,298.78634516398114
1996-05-01,298.1967608133952
1996-05-02,298.46999486287433
1996-05-03,298.94850730895996
1996-05-04,298.7360731760661
1996-05-05,298.7744312286377
1996-05-06,298.35186195373535
1996-05-07,298.4354540506999
1996-05-08,298.608554204305
1996-05-09,298.89718945821124
1996-05-10,298.54785919189453
1996-05-11,298.61537806193036
1996-05-12,298.8301811218262
1996-05-13,299.41583760579425
1996-05-14,299.54578908284503
1996-05-15,299.2233359018962
1996-05-16,298.29240735371906
1996-05-17,298.87245178222656
1996-05-18,299.30507405598956
1996-05-19,299.33723640441895
1996-05-20,299.1417407989502
1996-05-21,299.54891141255695
1996-05-22,299.6903813680013
1996-05-23,299.4802074432373
1996-05-24,298.5719076792399
1996-05-25,299.0421225229899
1996-05-26,298.3573652903239
1996-05-27,298.51557604471844
1996-05-28,298.5181522369385
1996-05-29,298.41196314493817
1996-05-30,298.2257944742839
1996-05-31,297.702974319458
1996-06-01,298.7379322052002
1996-06-02,298.95432472229004
1996-06-03,298.7251974741618
1996-06-04,298.91312980651855
1996-06-05,298.86081314086914
1996-06-06,298.56206067403156
1996-06-07,299.3442268371582
1996-06-08,298.98685518900555
1996-06-09,298.3956247965495
1996-06-10,298.8066062927246
1996-06-11,299.3646869659424
1996-06-12,299.5871003468831
1996-06-13,299.2929331461589
1996-06-14,299.40964698791504
1996-06-15,299.2346070607503
1996-06-16,299.66364097595215
1996-06-17,299.69454129536945
1996-06-18,299.6828028361003
1996-06-19,299.14085451761883
1996-06-20,298.7980531056722
1996-06-21,298.8069254557292
1996-06-22,299.60461044311523
1996-06-23,299.541535059611
1996-06-24,298.8047300974528
1996-06-25,299.726526260376
1996-06-26,299.7467180887858
1996-06-27,300.095162709554
1996-06-28,300.10361099243164
1996-06-29,299.2782605489095
1996-06-30,298.93986892700195
1996-07-01,299.5214385986328
1996-07-02,299.132781346639
1996-07-03,299.768248240153
1996-07-04,299.95866266886395
1996-07-05,299.7960147857666
1996-07-06,299.69994163513184
1996-07-07,298.5606117248535
1996-07-08,298.46080843607587
1996-07-09,298.8514976501465
1996-07-10,298.97500546773273
1996-07-11,299.1908315022786
1996-07-12,299.2942295074463
1996-07-13,299.0987485249837
1996-07-14,298.8544114430745
1996-07-15,298.25020090738934
1996-07-16,298.7645320892334
1996-07-17,299.63999430338544
1996-07-18,299.4222952524821
1996-07-19,299.0627148946126
1996-07-20,299.43954149882
1996-07-21,299.3793131510417
1996-07-22,299.4918409983317
1996-07-23,298.8326695760091
1996-07-24,298.802038192749
1996-07-25,299.3603458404541
1996-07-26,299.7350838979085
1996-07-27,299.4022299448649
1996-07-28,298.74964396158856
1996-07-29,299.14523379007977
1996-07-30,299.2609386444092
1996-07-31,298.7659428914388
1996-08-01,298.8238646189372
1996-08-02,299.2070954640706
1996-08-03,299.58822695414227
1996-08-04,299.35980860392254
1996-08-05,299.09141604105633
1996-08-06,298.9624328613281
1996-08-07,299.3614584604899
1996-08-08,299.2854652404785
1996-08-09,299.4942906697591
1996-08-10,299.7790807088216
1996-08-11,299.74548530578613
1996-08-12,299.7501805623372
1996-08-13,299.48126284281415
1996-08-14,299.53040440877277
1996-08-15,299.7235158284505
1996-08-16,299.6549580891927
1996-08-17,299.5837821960449
1996-08-18,298.90183448791504
1996-08-19,298.76157251993817
1996-08-20,299.2274646759033
1996-08-21,299.7291482289632
1996-08-22,299.4716053009033
1996-08-23,300.03011957804364
1996-08-24,300.1799023946126
1996-08-25,300.2288589477539
1996-08-26,300.7753550211589
1996-08-27,300.2317695617676
1996-08-28,300.0310351053874
1996-08-29,300.21742312113446
1996-08-30,299.77789815266925
1996-08-31,299.7750549316406
1996-09-01,300.2584972381592
1996-09-02,300.20940589904785
1996-09-03,300.23333168029785
1996-09-04,300.3247820536296
1996-09-05,300.48608016967773
1996-09-06,300.2555243174235
1996-09-07,299.97642199198407
1996-09-08,299.65572992960614
1996-09-09,300.10316467285156
1996-09-10,300.5510902404785
1996-09-11,300.87546221415204
1996-09-12,300.6305904388428
1996-09-13,300.44506072998047
1996-09-14,299.71214230855304
1996-09-15,300.0378011067708
1996-09-16,300.48503430684406
1996-09-17,300.28643226623535
1996-09-18,300.29777399698895
1996-09-19,300.2597058614095
1996-09-20,299.95725949605304
1996-09-21,300.1620985666911
1996-09-22,300.4357115427653
1996-09-23,300.25049718221027
1996-09-24,300.31015904744464
1996-09-25,300.4215081532796
1996-09-26,300.4473139444987
1996-09-27,300.5116367340088
1996-09-28,300.16283289591473
1996-09-29,300.48131434122723
1996-09-30,300.58413632710773
1996-10-01,300.6160405476888
1996-10-02,300.7464942932129
1996-10-03,300.8940086364746
1996-10-04,300.6725107828776
1996-10-05,300.9987316131592
1996-10-06,300.8724002838135
1996-10-07,300.5204900105794
1996-10-08,300.74926503499347
1996-10-09,300.9534905751546
1996-10-10,300.67538134257
1996-10-11,300.59365208943683
1996-10-12,300.8065325419108
1996-10-13,301.10530281066895
1996-10-14,301.2853005727132
1996-10-15,300.5376033782959
1996-10-16,300.5911178588867
1996-10-17,300.86841773986816
1996-10-18,300.6300163269043
1996-10-19,300.75804074605304
1996-10-20,301.06504503885907
1996-10-21,300.80149777730304
1996-10-22,300.5705909729004
1996-10-23,300.5137456258138
1996-10-24,300.90429433186847
1996-10-25,300.51027488708496
1996-10-26,300.49643961588544
1996-10-27,300.4416046142578
1996-10-28,300.9108543395996
1996-10-29,300.7102133433024
1996-10-30,300.53207842508954
1996-10-31,300.58927663167316
1996-11-01,300.3217144012451
1996-11-02,300.670218149821
1996-11-03,300.5270690917969
1996-11-04,301.1885223388672
1996-11-05,300.8455950419108
1996-11-06,300.9627215067546
1996-11-07,300.712895711263
1996-11-08,300.3738377888997
1996-11-09,300.83675320943195
1996-11-10,301.48830286661786
1996-11-11,301.6788469950358
1996-11-12,300.9213301340739
1996-11-13,300.24832280476886
1996-11-14,300.18244489034015
1996-11-15,300.7771282196045
1996-11-16,300.43348503112793
1996-11-17,300.5932814280192
1996-11-18,300.3718153635661
1996-11-19,300.3803901672363
1996-11-20,300.7140763600667
1996-11-21,300.7464090983073
1996-11-22,300.53176816304523
1996-11-23,300.47648938496906
1996-11-24,300.8496233622233
1996-11-25,300.73013496398926
1996-11-26,300.6993465423584
1996-11-27,300.9171447753906
1996-11-28,300.40868123372394
1996-11-29,300.17862256368
1996-11-30,300.59794934590656
1996-12-01,300.3155225118001
1996-12-02,300.1705792744954
1996-12-03,300.40136973063153
1996-12-04,300.45340156555176
1996-12-05,300.694979985555
1996-12-06,300.2947750091553
1996-12-07,300.16098912556964
1996-12-08,300.30327860514325
1996-12-09,300.39599164326984
1996-12-10,300.62803649902344
1996-12-11,300.480650583903
1996-12-12,300.62359555562335
1996-12-13,300.4887860616048
1996-12-14,301.16629791259766
1996-12-15,301.36008707682294
1996-12-16,301.0385265350342
1996-12-17,301.2668177286784
1996-12-18,300.7150224049886
1996-12-19,300.72192509969074
1996-12-20,300.3895715077718
1996-12-21,300.57471656799316
1996-12-22,300.71335283915204
1996-12-23,300.91107813517254
1996-12-24,300.36153475443524
1996-12-25,300.0405495961507
1996-12-26,299.9040126800537
1996-12-27,300.19617017110187
1996-12-28,299.193888982137
1996-12-29,299.2324670155843
1996-12-30,299.4900601704915
1996-12-31,299.3839651743571
1997-01-01,299.2819175720215
1997-01-02,298.30571873982746
1997-01-03,298.2443618774414
1997-01-04,299.2798652648926
1997-01-05,298.56135749816895
1997-01-06,298.9828643798828
1997-01-07,299.70128377278644
1997-01-08,299.21448453267413
1997-01-09,299.5566825866699
1997-01-10,298.9805679321289
1997-01-11,298.9449640909831
1997-01-12,298.65773010253906
1997-01-13,298.96466128031415
1997-01-14,298.7744426727295
1997-01-15,298.9455986022949
1997-01-16,299.53585624694824
1997-01-17,299.65841738382977
1997-01-18,299.3834120432536
1997-01-19,299.1573123931885
1997-01-20,299.4188747406006
1997-01-21,299.06041463216144
1997-01-22,299.17504692077637
1997-01-23,298.72049649556476
1997-01-24,298.42561467488605
1997-01-25,297.1730651855469
1997-01-26,298.11188316345215
1997-01-27,298.18836402893066
1997-01-28,298.31595547993976
1997-01-29,298.21088727315265
1997-01-30,298.26558621724445
1997-01-31,298.90221850077313
1997-02-01,298.61058807373047
1997-02-02,299.03959465026855
1997-02-03,299.33997853597003
1997-02-04,299.0979258219401
1997-02-05,298.75656000773114
1997-02-06,298.47143363952637
1997-02-07,298.7886912027995
1997-02-08,298.996129989624
1997-02-09,298.83310826619464
1997-02-10,298.5100917816162
1997-02-11,298.5318463643392
1997-02-12,298.56871223449707
1997-02-13,299.1071720123291
1997-02-14,298.2372290293376
1997-02-15,298.2264232635498
1997-02-16,298.46540514628094
1997-02-17,299.3941129048665
1997-02-18,299.31647809346515
1997-02-19,299.15689277648926
1997-02-20,298.22948900858563
1997-02-21,298.20815658569336
1997-02-22,298.19783782958984
1997-02-23,299.3801911671956
1997-02-24,299.54955291748047
1997-02-25,299.48917452494305
1997-02-26,299.3663679758708
1997-02-27,300.1109441121419
1997-02-28,299.85822741190594
1997-03-01,299.01184781392413
1997-03-02,298.87088267008465
1997-03-03,299.0037759145101
1997-03-04,298.6315409342448
1997-03-05,298.40799776713055
1997-03-06,299.08581352233887
1997-03-07,299.26518694559735
1997-03-08,299.04418818155926
1997-03-09,298.9041436513265
1997-03-10,299.51748212178546
1997-03-11,299.5649954477946
1997-03-12,299.38489532470703
1997-03-13,299.434268951416
1997-03-14,298.7459201812744
1997-03-15,298.46239789326984
1997-03-16,297.7100372314453
1997-03-17,297.5926202138265
1997-03-18,298.4654343922933
1997-03-19,297.88087272644043
1997-03-20,298.26235326131183
1997-03-21,298.0616861979167
1997-03-22,298.2292594909668
1997-03-23,298.32001876831055
1997-03-24,297.5265312194824
1997-03-25,298.43050384521484
1997-03-26,298.4536870320638
1997-03-27,297.9421081542969
1997-03-28,298.1680196126302
1997-03-29,298.323034286499
1997-03-30,297.72937202453613
1997-03-31,298.78502464294434
1997-04-01,298.94065348307294
1997-04-02,299.1808319091797
1997-04-03,298.52829360961914
1997-04-04,298.62765248616535
1997-04-05,298.8615016937256
1997-04-06,298.81481806437176
1997-04-07,298.9535967508952
1997-04-08,298.02176666259766
1997-04-09,297.9675763448079
1997-04-10,298.81292152404785
1997-04-11,298.7308934529622
1997-04-12,298.51716168721515
1997-04-13,297.5309015909831
1997-04-14,298.24386660257977
1997-04-15,298.5782642364502
1997-04-16,299.224671681722
1997-04-17,299.3075923919678
1997-04-18,299.33759752909344
1997-04-19,299.5187397003174
1997-04-20,299.51060740152997
1997-04-21,299.50578117370605
1997-04-22,299.1145502726237
1997-04-23,299.0216833750407
1997-04-24,298.4699223836263
1997-04-25,297.6105893452962
1997-04-26,297.6790606180827
1997-04-27,298.14877192179364
1997-04-28,297.9015579223633
1997-04-29,297.67387771606445
1997-04-30,298.9930000305176
1997-05-01,298.88019371032715
1997-05-02,298.93566767374676
1997-05-03,298.8631312052409
1997-05-04,298.4281005859375
1997-05-05,297.53038533528644
1997-05-06,298.1030972798665
1997-05-07,298.1013997395833
1997-05-08,297.2618630727132
1997-05-09,298.74114354451496
1997-05-10,298.9833577473958
1997-05-11,299.17905680338544
1997-05-12,298.5862216949463
1997-05-13,298.9837055206299
1997-05-14,299.39027214050293
1997-05-15,299.5009053548177
1997-05-16,299.0921548207601
1997-05-17,298.75599670410156
1997-05-18,299.8546435038249
1997-05-19,300.04004033406574
1997-05-20,299.4031575520833
1997-05-21,299.61463737487793
1997-05-22,299.6734085083008
1997-05-23,299.93644587198895
1997-05-24,299.86567878723145
1997-05-25,299.473882039388
1997-05-26,298.9905014038086
1997-05-27,299.27619489034015
1997-05-28,299.3166980743408
1997-05-29,299.6364924112956
1997-05-30,300.0846989949544
1997-05-31,299.9815559387207
1997-06-01,299.5721143086751
1997-06-02,299.1352882385254
1997-06-03,299.5169900258382
1997-06-04,299.69531949361163
1997-06-05,299.8289604187012
1997-06-06,300.31197992960614
1997-06-07,300.1447868347168
1997-06-08,300.4246412913005
1997-06-09,300.1577599843343
1997-06-10,300.1832790374756
1997-06-11,299.8707631429036
1997-06-12,299.377742767334
1997-06-13,299.70049985249835
1997-06-14,299.89148839314777
1997-06-15,300.034273147583
1997-06-16,300.47732162475586
1997-06-17,300.51656277974445
1997-06-18,300.0811710357666
1997-06-19,299.86521402994794
1997-06-20,299.4817663828532
1997-06-21,299.69222895304364
1997-06-22,299.4482841491699
1997-06-23,299.6542167663574
1997-06-24,299.60080591837567
1997-06-25,299.73777453104657
1997-06-26,299.7752799987793
1997-06-27,299.8132019042969
1997-06-28,299.02845001220703
1997-06-29,299.6678110758464
1997-06-30,299.82876523335773
1997-07-01,299.5487410227458
1997-07-02,299.15328725179035
1997-07-03,298.89995702107746
1997-07-04,299.5215924580892
1997-07-05,299.1299114227295
1997-07-06,299.0292212168376
1997-07-07,299.3174514770508
1997-07-08,299.38342475891113
1997-07-09,299.2995065053304
1997-07-10,299.50014877319336
1997-07-11,299.5298480987549
1997-07-12,299.24347559611004
1997-07-13,299.17688751220703
1997-07-14,299.23634274800617
1997-07-15,299.25637372334796
1997-07-16,299.4442075093587
1997-07-17,299.9657408396403
1997-07-18,299.74311447143555
1997-07-19,299.1809775034587
1997-07-20,299.0214309692383
1997-07-21,299.05269686381024
1997-07-22,299.14465077718097
1997-07-23,299.62042172749835
1997-07-24,299.9718157450358
1997-07-25,299.77653884887695
1997-07-26,299.94591267903644
1997-07-27,300.0039119720459
1997-07-28,299.8371747334798
1997-07-29,299.700896581014
1997-07-30,299.9438673655192
1997-07-31,299.44934972127277
1997-08-01,299.3832772572835
1997-08-02,299.5773588816325
1997-08-03,299.52767244974774
1997-08-04,299.67971165974933
1997-08-05,300.0075804392497
1997-08-06,299.76783752441406
1997-08-07,299.72739028930664
1997-08-08,299.1327298482259
1997-08-09,299.01447741190594
1997-08-10,298.9608847300212
1997-08-11,298.75877634684247
1997-08-12,298.86046663920087
1997-08-13,299.1513500213623
1997-08-14,299.2874933878581
1997-08-15,299.1450252532959
1997-08-16,299.00341097513837
1997-08-17,299.4939556121826
1997-08-18,299.54064814249676
1997-08-19,299.0650520324707
1997-08-20,299.4534632364909
1997-08-21,299.9565970102946
1997-08-22,300.2463658650716
1997-08-23,300.10360527038574
1997-08-24,300.000394821167
1997-08-25,300.1820259094238
1997-08-26,299.9496555328369
1997-08-27,299.9667663574219
1997-08-28,299.71104939778644
1997-08-29,299.31776428222656
1997-08-30,299.238276163737
1997-08-31,299.6246280670166
1997-09-01,299.85215123494464
1997-09-02,300.03708775838214
1997-09-03,300.04592831929523
1997-09-04,300.01173146565753
1997-09-05,299.9868869781494
1997-09-06,299.98222796122235
1997-09-07,300.06779861450195
1997-09-08,300.04171816507977
1997-09-09,299.9822025299072
1997-09-10,300.11084175109863
1997-09-11,300.30421765645343
1997-09-12,300.15771293640137
1997-09-13,300.52173868815106
1997-09-14,300.5501359303792
1997-09-15,300.4141565958659
1997-09-16,300.51749356587726
1997-09-17,300.5397040049235
1997-09-18,300.4413553873698
1997-09-19,300.8008232116699
1997-09-20,300.59723536173504
1997-09-21,300.53443082173663
1997-09-22,300.5148111979167
1997-09-23,300.70430692036945
1997-09-24,300.74897448221844
1997-09-25,300.7922789255778
1997-09-26,300.8419984181722
1997-09-27,300.81184641520184
1997-09-28,300.5811010996501
1997-09-29,300.54420534769696
1997-09-30,300.62760225931805
1997-10-01,300.7569573720296
1997-10-02,300.6500638326009
1997-10-03,300.4614493052165
1997-10-04,300.80461438496906
1997-10-05,300.97823397318524
1997-10-06,301.07308769226074
1997-10-07,300.8558057149251
1997-10-08,300.8779837290446
1997-10-09,300.8284460703532
1997-10-10,301.03058433532715
1997-10-11,300.99049123128253
1997-10-12,300.822598139445
1997-10-13,300.66297912597656
1997-10-14,301.11691347757977
1997-10-15,301.0014082590739
1997-10-16,301.215373357137
1997-10-17,301.2627951304118
1997-10-18,301.1854356129964
1997-10-19,301.2997252146403
1997-10-20,301.5702673594157
1997-10-21,301.1841812133789
1997-10-22,301.25649706522626
1997-10-23,300.90010197957355
1997-10-24,301.0087381998698
1997-10-25,300.84165064493817
1997-10-26,301.1896680196126
1997-10-27,300.9854030609131
1997-10-28,300.91608874003094
1997-10-29,301.1508108774821
1997-10-30,301.2611198425293
1997-10-31,301.4012800852458
1997-11-01,301.04694175720215
1997-11-02,301.0138448079427
1997-11-03,301.52669016520184
1997-11-04,301.28246943155926
1997-11-05,301.1548201243083
1997-11-06,301.11062749226886
1997-11-07,301.24301020304364
1997-11-08,301.0445442199707
1997-11-09,301.15464210510254
1997-11-10,300.9839401245117
1997-11-11,300.76543680826825
1997-11-12,301.1060740152995
1997-11-13,300.90868695576984
1997-11-14,300.8937702178955
1997-11-15,300.81581624348956
1997-11-16,300.67772738138837
1997-11-17,300.7443161010742
1997-11-18,299.94011942545575
1997-11-19,299.4565493265788
1997-11-20,300.53416442871094
1997-11-21,300.33102862040204
1997-11-22,300.4178689320882
1997-11-23,300.5513795216878
1997-11-24,300.3857529958089
1997-11-25,300.50648562113446
1997-11-26,300.59906641642254
1997-11-27,300.8309491475423
1997-11-28,300.7286097208659
1997-11-29,300.5281505584717
1997-11-30,300.4801890055339
1997-12-01,300.76004727681476
1997-12-02,300.9250768025716
1997-12-03,300.8471387227376
1997-12-04,301.3075472513835
1997-12-05,300.9168395996094
1997-12-06,301.23888397216797
1997-12-07,301.30521329243976
1997-12-08,301.5184243520101
1997-12-09,300.97376441955566
1997-12-10,300.7490762074788
1997-12-11,300.258747736613
1997-12-12,300.57562255859375
1997-12-13,300.43761952718097
1997-12-14,300.7138493855794
1997-12-15,300.84957758585614
1997-12-16,300.39234415690106
1997-12-17,299.4120972951253
1997-12-18,299.2618916829427
1997-12-19,298.9947910308838
1997-12-20,298.9800554911296
1997-12-21,299.30396842956543
1997-12-22,300.3095506032308
1997-12-23,300.3452917734782
1997-12-24,300.47828165690106
1997-12-25,300.58324432373047
1997-12-26,300.8595790863037
1997-12-27,299.9724426269531
1997-12-28,300.346892674764
1997-12-29,300.44709904988605
1997-12-30,300.50331751505536
1997-12-31,300.45624923706055
1998-01-01,299.6197973887126
1998-01-02,299.51797421773273
1998-01-03,299.88522211710614
1998-01-04,300.6033465067546
1998-01-05,301.1322937011719
1998-01-06,300.7347494761149
1998-01-07,300.30813217163086
1998-01-08,299.6945915222168
1998-01-09,299.4330526987712
1998-01-10,299.1588026682536
1998-01-11,299.35296122233075
1998-01-12,299.5565268198649
1998-01-13,298.86238352457684
1998-01-14,299.01951090494794
1998-01-15,299.144349416097
1998-01-16,298.88880729675293
1998-01-17,298.918649037679
1998-01-18,299.40406227111816
1998-01-19,299.22228113810223
1998-01-20,298.86687151590985
1998-01-21,298.7955067952474
1998-01-22,298.838903427124
1998-01-23,298.46825853983563
1998-01-24,298.1423676808675
1998-01-25,298.7162551879883
1998-01-26,298.7713267008464
1998-01-27,300.22460619608563
1998-01-28,300.2490463256836
1998-01-29,299.50650723775226
1998-01-30,299.1131006876628
1998-01-31,299.40652656555176
1998-02-01,299.9689769744873
1998-02-02,300.01669629414874
1998-02-03,299.7727133433024
1998-02-04,300.06493759155273
1998-02-05,300.5552399953206
1998-02-06,300.7147954305013
1998-02-07,300.81312306722003
1998-02-08,301.1416269938151
1998-02-09,300.99147542317706
1998-02-10,300.7621701558431
1998-02-11,300.69954109191895
1998-02-12,300.3784294128418
1998-02-13,300.10370445251465
1998-02-14,300.21202087402344
1998-02-15,300.6190814971924
1998-02-16,300.2570571899414
1998-02-17,299.9138876597087
1998-02-18,299.82846450805664
1998-02-19,299.4769795735677
1998-02-20,299.6639111836751
1998-02-21,299.66801770528156
1998-02-22,299.21120007832843
1998-02-23,300.0447883605957
1998-02-24,299.88336245218915
1998-02-25,299.9035250345866
1998-02-26,299.67538261413574
1998-02-27,299.4830493927002
1998-02-28,299.6565418243408
1998-03-01,299.61545435587567
1998-03-02,299.74170811971027
1998-03-03,299.57081413269043
1998-03-04,299.2648639678955
1998-03-05,300.2318986256917
1998-03-06,300.44622230529785
1998-03-07,300.0144570668538
1998-03-08,299.5962454477946
1998-03-09,299.4324372609456
1998-03-10,298.7171268463135
1998-03-11,298.9787705739339
1998-03-12,300.24695142110187
1998-03-13,300.1587136586507
1998-03-14,299.53101285298663
1998-03-15,298.66846466064453
1998-03-16,299.172664642334
1998-03-17,299.08774185180664
1998-03-18,298.9877179463704
1998-03-19,299.38837305704754
1998-03-20,299.7257251739502
1998-03-21,299.6554266611735
1998-03-22,299.61646779378253
1998-03-23,298.85484504699707
1998-03-24,299.846160252889
1998-03-25,299.17514483133954
1998-03-26,299.6308733622233
1998-03-27,299.7231197357178
1998-03-28,299.6769383748372
1998-03-29,299.8335825602214
1998-03-30,298.5013821919759
1998-03-31,299.33309237162274
1998-04-01,299.8752047220866
1998-04-02,299.83067512512207
1998-04-03,300.30187670389813
1998-04-04,300.0225474039714
1998-04-05,300.26259740193683
1998-04-06,300.23420906066895
1998-04-07,300.9856135050456
1998-04-08,300.5353037516276
1998-04-09,299.76820309956867
1998-04-10,299.632869720459
1998-04-11,299.8281370798747
1998-04-12,300.50488471984863
1998-04-13,300.41772270202637
1998-04-14,299.9836368560791
1998-04-15,299.84046999613446
1998-04-16,299.8243573506673
1998-04-17,300.4580186208089
1998-04-18,300.8171844482422
1998-04-19,300.3963425954183
1998-04-20,300.17970021565753
1998-04-21,300.57209968566895
1998-04-22,300.59989802042645
1998-04-23,300.557165145874
1998-04-24,300.61775906880695
1998-04-25,300.65669949849445
1998-04-26,300.0828107198079
1998-04-27,300.16554196675617
1998-04-28,299.99258550008136
1998-04-29,300.2061888376872
1998-04-30,300.4910697937012
1998-05-01,300.3272310892741
1998-05-02,300.19713465372723
1998-05-03,300.267915725708
1998-05-04,300.4253438313802
1998-05-05,300.7836748758952
1998-05-06,300.79444630940753
1998-05-07,300.6907367706299
1998-05-08,300.04391288757324
1998-05-09,299.78835042317706
1998-05-10,299.2712523142497
1998-05-11,299.2999629974365
1998-05-12,299.8513552347819
1998-05-13,300.47854232788086
1998-05-14,299.9125493367513
1998-05-15,300.03231112162274
1998-05-16,299.4123191833496
1998-05-17,299.2117506663005
1998-05-18,300.2471567789714
1998-05-19,300.60852750142413
1998-05-20,300.51301765441895
1998-05-21,300.07864507039386
1998-05-22,300.25498962402344
1998-05-23,300.88256645202637
1998-05-24,300.7109082539876
1998-05-25,300.46026611328125
1998-05-26,300.7547149658203
1998-05-27,300.6746743520101
1998-05-28,300.4984022776286
1998-05-29,300.5608386993408
1998-05-30,300.3966115315755
1998-05-31,299.7228418986003
1998-06-01,299.8408368428548
1998-06-02,299.8582013448079
1998-06-03,300.2677313486735
1998-06-04,300.40699768066406
1998-06-05,299.9069232940674
1998-06-06,299.37943903605145
1998-06-07,299.19419924418133
1998-06-08,299.4807593027751
1998-06-09,299.93306668599445
1998-06-10,300.4544970194499
1998-06-11,300.207363764445
1998-06-12,299.79886690775555
1998-06-13,299.6346022288005
1998-06-14,299.5083586374919
1998-06-15,299.277769724528
1998-06-16,298.71589342753094
1998-06-17,298.9121087392171
1998-06-18,298.9218044281006
1998-06-19,299.1234296162923
1998-06-20,299.4449412027995
1998-06-21,299.74405034383136
1998-06-22,299.6131229400635
1998-06-23,299.3932857513428
1998-06-24,299.58255259195965
1998-06-25,299.8948040008545
1998-06-26,299.5786952972412
1998-06-27,299.0261007944743
1998-06-28,299.5368003845215
1998-06-29,299.61950874328613
1998-06-30,299.7616723378499
1998-07-01,300.0299886067708
1998-07-02,299.8770497639974
1998-07-03,299.2620932261149
1998-07-04,299.2893721262614
1998-07-05,299.84914843241376
1998-07-06,299.44214820861816
1998-07-07,299.1455732981364
1998-07-08,299.55360984802246
1998-07-09,299.0359414418538
1998-07-10,299.5241591135661
1998-07-11,299.61292266845703
1998-07-12,299.2465451558431
1998-07-13,298.5206807454427
1998-07-14,298.5046393076579
1998-07-15,298.8458251953125
1998-07-16,299.2594407399495
1998-07-17,299.76983070373535
1998-07-18,299.27569007873535
1998-07-19,299.03683217366535
1998-07-20,299.0248915354411
1998-07-21,299.27714856465656
1998-07-22,299.7463213602702
1998-07-23,299.633690516154
1998-07-24,299.6784439086914
1998-07-25,299.9619318644206
1998-07-26,299.93946584065753
1998-07-27,299.57517369588214
1998-07-28,299.36656761169434
1998-07-29,299.5626080830892
1998-07-30,299.4879506429036
1998-07-31,299.1500644683838
1998-08-01,299.1836191813151
1998-08-02,299.424311319987
1998-08-03,299.6077480316162
1998-08-04,299.4371630350749
1998-08-05,299.699743270874
1998-08-06,299.88513437906903
1998-08-07,299.91561953226727
1998-08-08,300.01845105489093
1998-08-09,299.68991406758624
1998-08-10,299.6757043202718
1998-08-11,299.8404312133789
1998-08-12,299.864320119222
1998-08-13,299.8233814239502
1998-08-14,299.9908275604248
1998-08-15,299.5784549713135
1998-08-16,299.65417925516766
1998-08-17,299.86121622721356
1998-08-18,299.92731793721515
1998-08-19,300.17477289835614
1998-08-20,300.13549041748047
1998-08-21,300.2900746663411
1998-08-22,300.337361017863
1998-08-23,300.75147438049316
1998-08-24,300.2396119435628
1998-08-25,300.02113151550293
1998-08-26,299.8622175852458
1998-08-27,300.02604484558105
1998-08-28,300.3191337585449
1998-08-29,299.99140485127765
1998-08-30,300.133025487264
1998-08-31,300.1411069234212
1998-09-01,300.0565408070882
1998-09-02,300.28498395284015
1998-09-03,300.0987033843994
1998-09-04,300.25010045369464
1998-09-05,300.4174041748047
1998-09-06,300.70009930928546
1998-09-07,300.4991976420085
1998-09-08,300.51286125183105
1998-09-09,300.0742047627767
1998-09-10,300.13883781433105
1998-09-11,300.3574746449788
1998-09-12,300.5224672953288
1998-09-13,300.5860398610433
1998-09-14,300.8811143239339
1998-09-15,300.6960029602051
1998-09-16,300.4610703786214
1998-09-17,299.9473012288411
1998-09-18,299.83259137471515
1998-09-19,300.72653579711914
1998-09-20,300.82473119099933
1998-09-21,300.3605550130208
1998-09-22,300.2317320505778
1998-09-23,300.09347852071124
1998-09-24,300.1688652038574
1998-09-25,300.17677625020343
1998-09-26,300.04657491048175
1998-09-27,300.1976712544759
1998-09-28,300.5894374847412
1998-09-29,300.3513069152832
1998-09-30,300.5847911834717
1998-10-01,300.70756340026855
1998-10-02,300.8296438852946
1998-10-03,300.68789291381836
1998-10-04,300.86696179707843
1998-10-05,301.2821451822917
1998-10-06,301.21448707580566
1998-10-07,300.94939041137695
1998-10-08,300.6994037628174
1998-10-09,300.4596583048503
1998-10-10,300.3965555826823
1998-10-11,300.4455738067627
1998-10-12,300.67784945170087
1998-10-13,300.78883298238117
1998-10-14,300.87745157877606
1998-10-15,300.9563980102539
1998-10-16,300.6336479187012
1998-10-17,300.9459451039632
1998-10-18,301.2083930969238
1998-10-19,300.64093589782715
1998-10-20,300.9718545277913
1998-10-21,300.5914134979248
1998-10-22,300.89390563964844
1998-10-23,300.8058319091797
1998-10-24,300.5474325815837
1998-10-25,300.9056040445964
1998-10-26,300.323782602946
1998-10-27,300.9296677907308
1998-10-28,300.6354268391927
1998-10-29,301.0929120381673
1998-10-30,301.13313992818195
1998-10-31,300.4674237569173
1998-11-01,299.76050821940106
1998-11-02,300.5548686981201
1998-11-03,300.5660769144694
1998-11-04,300.47807121276855
1998-11-05,300.70653597513837
1998-11-06,300.85491307576496
1998-11-07,300.82311566670734
1998-11-08,300.66997655232746
1998-11-09,300.47880999247235
1998-11-10,300.6363442738851
1998-11-11,300.812936147054
1998-11-12,300.7163511912028
1998-11-13,301.129841486613
1998-11-14,300.98184967041016
1998-11-15,300.83616574605304
1998-11-16,300.5388933817546
1998-11-17,300.7429421742757
1998-11-18,300.701410929362
1998-11-19,300.5775343577067
1998-11-20,300.42597579956055
1998-11-21,300.2218195597331
1998-11-22,299.9861431121826
1998-11-23,299.63087272644043
1998-11-24,299.2284800211589
1998-11-25,299.4310131072998
1998-11-26,300.29588381449383
1998-11-27,299.9574718475342
1998-11-28,299.4978192647298
1998-11-29,298.8725503285726
1998-11-30,300.1633555094401
1998-12-01,300.7299664815267
1998-12-02,300.68310991923016
1998-12-03,300.9630521138509
1998-12-04,301.0008188883464
1998-12-05,300.96314811706543
1998-12-06,300.66784286499023
1998-12-07,300.96174875895184
1998-12-08,300.64437675476074
1998-12-09,300.5649814605713
1998-12-10,300.7121938069661
1998-12-11,300.4431972503662
1998-12-12,300.7240867614746
1998-12-13,300.65994389851886
1998-12-14,300.5319817860921
1998-12-15,300.3291893005371
1998-12-16,300.912592569987
1998-12-17,300.4983666737874
1998-12-18,300.27639897664386
1998-12-19,300.46910095214844
1998-12-20,299.9461847941081
1998-12-21,299.22254180908203
1998-12-22,298.8694877624512
1998-12-23,300.03963534037274
1998-12-24,299.7037747701009
1998-12-25,298.66723187764484
1998-12-26,297.8335444132487
1998-12-27,298.02450307210285
1998-12-28,298.2828884124756
1998-12-29,298.78075853983563
1998-12-30,299.1957829793294
1998-12-31,299.5845203399658
1999-01-01,300.3438358306885
1999-01-02,300.3240858713786
1999-01-03,300.10984992980957
1999-01-04,299.48824882507324
1999-01-05,299.81239891052246
1999-01-06,298.9225425720215
1999-01-07,298.54177792867023
1999-01-08,298.9881451924642
1999-01-09,298.36217498779297
1999-01-10,298.0867156982422
1999-01-11,298.11733627319336
1999-01-12,298.2424208323161
1999-01-13,298.6019763946533
1999-01-14,298.29335339864093
1999-01-15,297.96560351053876
1999-01-16,298.82451248168945
1999-01-17,298.7490863800049
1999-01-18,299.0304317474365
1999-01-19,298.861291885376
1999-01-20,298.7942180633545
1999-01-21,298.7598819732666
1999-01-22,298.89637247721356
1999-01-23,299.3522771199544
1999-01-24,299.2714385986328
1999-01-25,298.5983950297038
1999-01-26,298.79643694559735
1999-01-27,299.367338180542
1999-01-28,299.47665087382
1999-01-29,299.55067253112793
1999-01-30,298.7538096110026
1999-01-31,298.5936857859294
1999-02-01,298.5474541982015
1999-02-02,298.5722363789876
1999-02-03,297.69353739420575
1999-02-04,298.1794974009196
1999-02-05,297.1031672159831
1999-02-06,297.67431767781574
1999-02-07,298.38997141520184
1999-02-08,299.70230038960773
1999-02-09,299.53836313883465
1999-02-10,298.63381004333496
1999-02-11,298.3462912241618
1999-02-12,298.60167757670087
1999-02-13,298.5117988586426
1999-02-14,298.9285418192546
1999-02-15,298.4603614807129
1999-02-16,298.67591222127277
1999-02-17,298.2106107076009
1999-02-18,297.2960675557454
1999-02-19,298.73627789815265
1999-02-20,298.2540575663249
1999-02-21,298.18256823221844
1999-02-22,298.34705924987793
1999-02-23,298.0928904215495
1999-02-24,299.0769278208415
1999-02-25,298.49985758463544
1999-02-26,298.38916269938153
1999-02-27,298.01408259073895
1999-02-28,298.14206822713214
1999-03-01,298.14490636189777
1999-03-02,298.18149121602374
1999-03-03,297.57772890726727
1999-03-04,297.7569872538249
1999-03-05,297.90074793497723
1999-03-06,297.3997923533122
1999-03-07,296.794127146403
1999-03-08,298.4961306254069
1999-03-09,298.42679532368976
1999-03-10,298.1146818796794
1999-03-11,298.2425022125244
1999-03-12,298.4286066691081
1999-03-13,297.92897351582843
1999-03-14,297.8171634674072
1999-03-15,298.22656949361163
1999-03-16,298.3090356190999
1999-03-17,297.5589377085368
1999-03-18,297.1373634338379
1999-03-19,297.09815152486163
1999-03-20,297.28695996602374
1999-03-21,298.45556386311847
1999-03-22,298.5924015045166
1999-03-23,298.4790782928467
1999-03-24,297.76067479451496
1999-03-25,298.19008954366046
1999-03-26,298.381737391154
1999-03-27,298.6699155171712
1999-03-28,298.4549872080485
1999-03-29,298.4670836130778
1999-03-30,298.2186171213786
1999-03-31,298.3607355753581
1999-04-01,298.5876770019531
1999-04-02,298.7448253631592
1999-04-03,298.2627868652344
1999-04-04,296.9673328399658
1999-04-05,298.4565550486247
1999-04-06,298.2786115010579
1999-04-07,297.91905975341797
1999-04-08,297.8349183400472
1999-04-09,298.12852160135907
1999-04-10,298.2206331888835
1999-04-11,298.25903701782227
1999-04-12,298.69513003031415
1999-04-13,298.18661371866864
1999-04-14,298.12148094177246
1999-04-15,298.63572947184247
1999-04-16,298.29571596781415
1999-04-17,298.5870717366536
1999-04-18,299.20788955688477
1999-04-19,299.47254371643066
1999-04-20,298.8737080891927
1999-04-21,298.2651170094808
1999-04-22,298.5213171641032
1999-04-23,298.0682907104492
1999-04-24,298.32165145874023
1999-04-25,298.30248133341473
1999-04-26,298.3900267283122
1999-04-27,298.2444019317627
1999-04-28,297.46144994099933
1999-04-29,298.0229727427165
1999-04-30,297.7008743286133
1999-05-01,297.1751022338867
1999-05-02,296.6950461069743
1999-05-03,298.3421738942464
1999-05-04,297.85962677001953
1999-05-05,297.4553699493408
1999-05-06,297.7427628835042
1999-05-07,297.70315106709796
1999-05-08,298.28352546691895
1999-05-09,297.81974601745605
1999-05-10,297.5077838897705
1999-05-11,297.95507939656574
1999-05-12,297.912805557251
1999-05-13,298.0854975382487
1999-05-14,297.80488268534344
1999-05-15,297.72250811258954
1999-05-16,296.891549428304
1999-05-17,297.21803855895996
1999-05-18,297.7960618336995
1999-05-19,298.098627726237
1999-05-20,297.9339129130046
1999-05-21,297.8947861989339
1999-05-22,298.1403350830078
1999-05-23,298.06442070007324
1999-05-24,298.44907569885254
1999-05-25,298.63965861002606
1999-05-26,298.90616035461426
1999-05-27,299.31489245096844
1999-05-28,298.7224750518799
1999-05-29,298.9625600179036
1999-05-30,298.6329981486003
1999-05-31,298.48165957132977
1999-06-01,299.10744794209796
1999-06-02,298.7481498718262
1999-06-03,299.09431139628094
1999-06-04,299.03740374247235
1999-06-05,298.26383272806805
1999-06-06,298.47880999247235
1999-06-07,298.9473183949788
1999-06-08,298.94435437520343
1999-06-09,298.8343086242676
1999-06-10,299.4335180918376
1999-06-11,298.6150773366292
1999-06-12,298.5984401702881
1999-06-13,299.02443440755206
1999-06-14,299.164800008138
1999-06-15,298.8563575744629
1999-06-16,298.43760045369464
1999-06-17,298.740198135376
1999-06-18,298.8951187133789
1999-06-19,299.2010021209717
1999-06-20,299.1343421936035
1999-06-21,299.30626106262207
1999-06-22,299.47768529256183
1999-06-23,299.0738220214844
1999-06-24,298.99740918477374
1999-06-25,299.33111063639325
1999-06-26,299.1745541890462
1999-06-27,298.307866414388
1999-06-28,298.164706548055
1999-06-29,298.77073860168457
1999-06-30,298.9446334838867
1999-07-01,299.40071932474774
1999-07-02,299.40831247965497
1999-07-03,299.30581792195636
1999-07-04,299.3745714823405
1999-07-05,299.18633397420246
1999-07-06,299.3946132659912
1999-07-07,299.2725028991699
1999-07-08,298.5316340128581
1999-07-09,298.4780915578206
1999-07-10,298.77716573079425
1999-07-11,299.255402247111
1999-07-12,299.33055941263837
1999-07-13,299.0262972513835
1999-07-14,299.17442003885907
1999-07-15,299.21511522928876
1999-07-16,299.40832392374676
1999-07-17,299.218230565389
1999-07-18,297.9664497375488
1999-07-19,297.7953414916992
1999-07-20,298.4473571777344
1999-07-21,299.15209007263184
1999-07-22,299.2391668955485
1999-07-23,298.9904085795085
1999-07-24,299.20947456359863
1999-07-25,298.9200801849365
1999-07-26,298.90161387125653
1999-07-27,299.42847061157227
1999-07-28,299.67271423339844
1999-07-29,299.32248242696124
1999-07-30,299.5490894317627
1999-07-31,300.2142861684163
1999-08-01,300.1423816680908
1999-08-02,300.2144858042399
1999-08-03,300.22360102335614
1999-08-04,299.71840794881183
1999-08-05,299.3198820749919
1999-08-06,299.1398105621338
1999-08-07,299.759490331014
1999-08-08,299.5989309946696
1999-08-09,299.50231806437176
1999-08-10,299.15697288513184
1999-08-11,299.2369842529297
1999-08-12,299.1440830230713
1999-08-13,299.1785259246826
1999-08-14,299.4980010986328
1999-08-15,299.41303634643555
1999-08-16,298.9989757537842
1999-08-17,298.5048713684082
1999-08-18,299.0230242411296
1999-08-19,299.85236740112305
1999-08-20,299.7366600036621
1999-08-21,299.70116233825684
1999-08-22,299.78778648376465
1999-08-23,300.08531697591144
1999-08-24,300.03441111246747
1999-08-25,300.16619809468585
1999-08-26,299.9021288553874
1999-08-27,299.5590368906657
1999-08-28,299.3374614715576
1999-08-29,299.2920462290446
1999-08-30,299.5589968363444
1999-08-31,299.4867814381917
1999-09-01,299.52841250101727
1999-09-02,299.2212842305501
1999-09-03,299.2611878712972
1999-09-04,299.3953851064046
1999-09-05,299.6117343902588
1999-09-06,299.7336031595866
1999-09-07,299.74082310994464
1999-09-08,300.10481516520184
1999-09-09,300.2254346211751
1999-09-10,299.90981038411456
1999-09-11,299.7909577687581
1999-09-12,299.36802164713544
1999-09-13,299.6748269399007
1999-09-14,299.6833159128825
1999-09-15,299.7849985758464
1999-09-16,299.6874694824219
1999-09-17,299.99064509073895
1999-09-18,300.0614655812581
1999-09-19,299.7084223429362
1999-09-20,299.5032876332601
1999-09-21,299.3011124928792
1999-09-22,299.4126447041829
1999-09-23,299.42616271972656
1999-09-24,300.07004102071124
1999-09-25,299.8284562428792
1999-09-26,299.38372802734375
1999-09-27,299.06959279378253
1999-09-28,299.70299339294434
1999-09-29,300.00008900960285
1999-09-30,300.4279079437256
1999-10-01,300.0680675506592
1999-10-02,300.0486246744792
1999-10-03,299.7270444234212
1999-10-04,299.79417610168457
1999-10-05,299.25939496358234
1999-10-06,299.0829366048177
1999-10-07,299.49430720011395
1999-10-08,299.910685857137
1999-10-09,300.0641040802002
1999-10-10,300.2481854756673
1999-10-11,300.34983189900714
1999-10-12,300.14062118530273
1999-10-13,299.87059020996094
1999-10-14,299.32381375630695
1999-10-15,299.54775047302246
1999-10-16,299.74207814534503
1999-10-17,299.50356674194336
1999-10-18,299.8821843465169
1999-10-19,300.4648952484131
1999-10-20,300.4174156188965
1999-10-21,300.0066795349121
1999-10-22,300.1598383585612
1999-10-23,300.2526213328044
1999-10-24,299.9628613789876
1999-10-25,299.93273226420087
1999-10-26,300.036901473999
1999-10-27,300.2828712463379
1999-10-28,300.2858530680339
1999-10-29,300.2749220530192
1999-10-30,300.12795639038086
1999-10-31,300.4997564951579
1999-11-01,300.02818489074707
1999-11-02,300.43957138061523
1999-11-03,300.77515665690106
1999-11-04,300.6153271993001
1999-11-05,300.2951094309489
1999-11-06,300.6198851267497
1999-11-07,300.7376225789388
1999-11-08,300.71213213602704
1999-11-09,300.8611265818278
1999-11-10,300.6929111480713
1999-11-11,300.3429749806722
1999-11-12,299.4436206817627
1999-11-13,300.26913515726727
1999-11-14,300.7069829305013
1999-11-15,300.102019627889
1999-11-16,300.334233601888
1999-11-17,300.8926951090495
1999-11-18,301.25251452128094
1999-11-19,300.51087443033856
1999-11-20,300.4278564453125
1999-11-21,300.8744246164958
1999-11-22,300.9064127604167
1999-11-23,300.46196873982746
1999-11-24,300.23449961344403
1999-11-25,300.310972849528
1999-11-26,299.99773025512695
1999-11-27,299.9529571533203
1999-11-28,299.90023867289227
1999-11-29,300.36560376485187
1999-11-30,300.75407791137695
1999-12-01,300.66776275634766
1999-12-02,300.4833526611328
1999-12-03,299.9302730560303
1999-12-04,299.98437245686847
1999-12-05,299.96557299296063
1999-12-06,300.3615379333496
1999-12-07,300.9016304016113
1999-12-08,300.7623761494954
1999-12-09,300.4815559387207
1999-12-10,299.9300715128581
1999-12-11,300.2732760111491
1999-12-12,300.5688355763753
1999-12-13,300.4093411763509
1999-12-14,300.63340822855633
1999-12-15,300.7331822713216
1999-12-16,300.58765411376953
1999-12-17,300.48758633931476
1999-12-18,300.6199951171875
1999-12-19,300.43481763203937
1999-12-20,300.00450325012207
1999-12-21,299.9060637156169
1999-12-22,298.98547490437824
1999-12-23,297.88929112752277
1999-12-24,297.5194498697917
1999-12-25,298.7429726918538
1999-12-26,299.25951957702637
1999-12-27,299.1858736673991
1999-12-28,299.0234800974528
1999-12-29,298.29737345377606
1999-12-30,298.6607837677002
1999-12-31,298.69202677408856
2000-01-01,298.27195231119794
2000-01-02,297.87217203776044
2000-01-03,298.2785530090332
2000-01-04,298.0061677296956
2000-01-05,298.1021137237549
2000-01-06,298.79107729593915
2000-01-07,298.23808034261066
2000-01-08,297.91820017496747
2000-01-09,298.4969895680745
2000-01-10,298.6060911814372
2000-01-11,298.37841478983563
2000-01-12,297.2312647501628
2000-01-13,297.671194712321
2000-01-14,298.69589869181317
2000-01-15,298.6417427062988
2000-01-16,298.4793128967285
2000-01-17,298.58712832132977
2000-01-18,298.2763023376465
2000-01-19,297.85742568969727
2000-01-20,298.3474769592285
2000-01-21,297.94998995463055
2000-01-22,298.01139704386395
2000-01-23,297.9226481119792
2000-01-24,298.24486605326337
2000-01-25,298.91223526000977
2000-01-26,299.72798347473145
2000-01-27,299.6679973602295
2000-01-28,299.5445925394694
2000-01-29,298.99795786539715
2000-01-30,299.6170825958252
2000-01-31,299.44689178466797
2000-02-01,298.4281056722005
2000-02-02,298.145544052124
2000-02-03,298.502965927124
2000-02-04,298.21079381306964
2000-02-05,298.2498321533203
2000-02-06,297.79213523864746
2000-02-07,297.2332986195882
2000-02-08,297.65551567077637
2000-02-09,297.30963643391925
2000-02-10,297.07056045532227
2000-02-11,298.0140736897786
2000-02-12,297.3981564839681
2000-02-13,297.44262568155926
2000-02-14,297.6552092234294
2000-02-15,297.33726755777997
2000-02-16,298.20266087849933
2000-02-17,297.59839312235516
2000-02-18,297.35265159606934
2000-02-19,297.695494333903
2000-02-20,297.5914897918701
2000-02-21,298.12294514973956
2000-02-22,297.6061013539632
2000-02-23,297.52856890360516
2000-02-24,297.6712760925293
2000-02-25,298.67641321818036
2000-02-26,298.42446581522626
2000-02-27,297.34289169311523
2000-02-28,297.57102076212567
2000-02-29,298.2759424845378
2000-03-01,298.36925951639813
2000-03-02,298.4862422943115
2000-03-03,298.00182660420734
2000-03-04,298.09572474161786
2000-03-05,298.24926567077637
2000-03-06,298.4406801859538
2000-03-07,298.20509338378906
2000-03-08,297.84048080444336
2000-03-09,297.25171788533527
2000-03-10,297.98351796468097
2000-03-11,298.2385660807292
2000-03-12,298.09951146443683
2000-03-13,297.7163715362549
2000-03-14,297.3791275024414
2000-03-15,298.0473626454671
2000-03-16,298.1048062642415
2000-03-17,298.0768388112386
2000-03-18,298.12520535786945
2000-03-19,298.1479148864746
2000-03-20,298.1963653564453
2000-03-21,298.4060255686442
2000-03-22,298.8871428171794
2000-03-23,298.9105415344238
2000-03-24,298.66018231709796
2000-03-25,298.42991002400714
2000-03-26,297.75741386413574
2000-03-27,297.8365732828776
2000-03-28,296.9395980834961
2000-03-29,297.8573417663574
2000-03-30,298.4182662963867
2000-03-31,298.79296175638837
2000-04-01,297.40066083272296
2000-04-02,297.55504417419434
2000-04-03,298.2194989522298
2000-04-04,298.549747467041
2000-04-05,298.6718152364095
2000-04-06,298.4341112772624
2000-04-07,298.01267433166504
2000-04-08,298.2816753387451
2000-04-09,298.38543128967285
2000-04-10,298.09877586364746
2000-04-11,297.72549374898273
2000-04-12,298.3243865966797
2000-04-13,297.9775683085124
2000-04-14,297.85623995463055
2000-04-15,297.91605440775555
2000-04-16,298.241205851237
2000-04-17,297.5030867258708
2000-04-18,297.5614999135335
2000-04-19,297.4681091308594
2000-04-20,297.9103546142578
2000-04-21,298.4865976969401
2000-04-22,298.4787540435791
2000-04-23,298.5600808461507
2000-04-24,298.3144181569417
2000-04-25,297.9462210337321
2000-04-26,298.4395325978597
2000-04-27,298.3622360229492
2000-04-28,298.3231455485026
2000-04-29,297.979834874471
2000-04-30,298.3911832173665
2000-05-01,298.58277320861816
2000-05-02,298.726895014445
2000-05-03,298.46540451049805
2000-05-04,298.3760477701823
2000-05-05,298.45006370544434
2000-05-06,297.60158983866376
2000-05-07,299.0665575663249
2000-05-08,298.687946955363
2000-05-09,298.21568234761554
2000-05-10,298.34911219278973
2000-05-11,298.7181644439697
2000-05-12,298.9675820668538
2000-05-13,298.1239598592122
2000-05-14,298.5377114613851
2000-05-15,297.8772258758545
2000-05-16,298.1258544921875
2000-05-17,298.17579714457196
2000-05-18,298.5213966369629
2000-05-19,298.4701239267985
2000-05-20,298.92028427124023
2000-05-21,299.1334400177002
2000-05-22,299.7024122873942
2000-05-23,299.74111557006836
2000-05-24,299.64953422546387
2000-05-25,299.63758850097656
2000-05-26,299.36557451883954
2000-05-27,298.60947545369464
2000-05-28,298.5405743916829
2000-05-29,298.52631823221844
2000-05-30,298.7889798482259
2000-05-31,298.3720817565918
2000-06-01,298.5442148844401
2000-06-02,298.9256051381429
2000-06-03,299.3828010559082
2000-06-04,299.3011957804362
2000-06-05,299.73975626627606
2000-06-06,299.6113993326823
2000-06-07,299.68463198343915
2000-06-08,299.54940859476727
2000-06-09,298.94345728556317
2000-06-10,298.9187882741292
2000-06-11,298.91271718343097
2000-06-12,298.6027094523112
2000-06-13,298.89969698588055
2000-06-14,299.2640463511149
2000-06-15,298.24284108479816
2000-06-16,298.7830893198649
2000-06-17,299.04239654541016
2000-06-18,299.3103771209717
2000-06-19,298.82603518168133
2000-06-20,297.79522132873535
2000-06-21,298.42148272196454
2000-06-22,299.0943826039632
2000-06-23,299.2558511098226
2000-06-24,298.3149979909261
2000-06-25,298.5091775258382
2000-06-26,298.6924991607666
2000-06-27,298.7698504130046
2000-06-28,298.8831895192464
2000-06-29,298.54764048258465
2000-06-30,298.49412473042804
2000-07-01,298.2249762217204
2000-07-02,298.3997446695964
2000-07-03,298.88182131449383
2000-07-04,298.7811107635498
2000-07-05,298.4955425262451
2000-07-06,298.2309004465739
2000-07-07,298.3105233510335
2000-07-08,298.520804087321
2000-07-09,298.1820240020752
2000-07-10,298.6414044698079
2000-07-11,298.75113169352215
2000-07-12,298.44980176289874
2000-07-13,298.2646261850993
2000-07-14,298.8150717417399
2000-07-15,298.57865206400555
2000-07-16,297.253625869751
2000-07-17,297.7203076680501
2000-07-18,298.30233637491864
2000-07-19,298.1291421254476
2000-07-20,298.08208592732746
2000-07-21,298.77482350667316
2000-07-22,298.63776206970215
2000-07-23,298.50968742370605
2000-07-24,298.4119345347087
2000-07-25,299.0320765177409
2000-07-26,298.8267472585042
2000-07-27,298.3782844543457
2000-07-28,298.1711705525716
2000-07-29,298.22633361816406
2000-07-30,298.5214958190918
2000-07-31,299.53656578063965
2000-08-01,299.4265537261963
2000-08-02,298.2633635203044
2000-08-03,298.19125684102374
2000-08-04,299.2700252532959
2000-08-05,299.736967086792
2000-08-06,299.093048731486
2000-08-07,298.52904001871747
2000-08-08,298.64124870300293
2000-08-09,299.00510533650714
2000-08-10,299.02246793111163
2000-08-11,299.09950574239093
2000-08-12,299.09298769632977
2000-08-13,299.21704355875653
2000-08-14,298.875207901001
2000-08-15,298.9832598368327
2000-08-16,299.40270614624023
2000-08-17,299.35063489278156
2000-08-18,299.32021713256836
2000-08-19,299.5102481842041
2000-08-20,299.8365758260091
2000-08-21,299.21520805358887
2000-08-22,299.39570744832355
2000-08-23,299.9522457122803
2000-08-24,299.90952746073407
2000-08-25,299.76173400878906
2000-08-26,299.6894448598226
2000-08-27,299.6329485575358
2000-08-28,299.85789171854657
2000-08-29,300.1853936513265
2000-08-30,300.23262214660645
2000-08-31,300.17287890116376
2000-09-01,300.19987297058105
2000-09-02,300.2239176432292
2000-09-03,300.19238026936847
2000-09-04,300.40772438049316
2000-09-05,300.50546010335285
2000-09-06,300.2767556508382
2000-09-07,299.68438720703125
2000-09-08,299.9471371968587
2000-09-09,299.4594090779622
2000-09-10,299.64159138997394
2000-09-11,299.34362411499023
2000-09-12,299.70437240600586
2000-09-13,299.6148509979248
2000-09-14,299.57640266418457
2000-09-15,299.7995096842448
2000-09-16,299.98283131917316
2000-09-17,299.4625549316406
2000-09-18,298.57558314005536
2000-09-19,298.7910963694255
2000-09-20,299.47215906778973
2000-09-21,299.52554448445636
2000-09-22,299.97457186381024
2000-09-23,300.0169169108073
2000-09-24,299.99830691019696
2000-09-25,300.16552734375
2000-09-26,299.8778387705485
2000-09-27,299.76756350199383
2000-09-28,299.47802861531574
2000-09-29,299.0292174021403
2000-09-30,299.2527732849121
2000-10-01,299.5622208913167
2000-10-02,299.911283493042
2000-10-03,299.68156305948895
2000-10-04,299.7597185770671
2000-10-05,299.8205629984538
2000-10-06,299.84996668497723
2000-10-07,300.0825665791829
2000-10-08,300.08234723409015
2000-10-09,299.9950122833252
2000-10-10,299.65575281778973
2000-10-11,299.7781626383464
2000-10-12,299.3244043986003
2000-10-13,300.4639040629069
2000-10-14,300.2019322713216
2000-10-15,300.02060890197754
2000-10-16,300.3674379984538
2000-10-17,299.97484461466473
2000-10-18,300.1705799102783
2000-10-19,299.86849721272785
2000-10-20,300.3530737559001
2000-10-21,300.2069460550944
2000-10-22,300.39291445414227
2000-10-23,300.2554448445638
2000-10-24,300.4752133687337
2000-10-25,300.7165158589681
2000-10-26,300.58794593811035
2000-10-27,300.27333132425946
2000-10-28,300.29326820373535
2000-10-29,300.6758893330892
2000-10-30,300.51336097717285
2000-10-31,300.54262860616046
2000-11-01,300.6391537984212
2000-11-02,300.39768664042157
2000-11-03,300.5133234659831
2000-11-04,300.6234874725342
2000-11-05,300.9016450246175
2000-11-06,300.9183209737142
2000-11-07,300.99878819783527
2000-11-08,301.0583025614421
2000-11-09,300.7949415842692
2000-11-10,301.0960858662923
2000-11-11,301.02475420633954
2000-11-12,301.12932840983075
2000-11-13,301.3268922170003
2000-11-14,301.01177914937335
2000-11-15,301.1689732869466
2000-11-16,300.77014287312824
2000-11-17,300.72023646036786
2000-11-18,300.70992215474445
2000-11-19,300.71046193440753
2000-11-20,300.7180398305257
2000-11-21,300.9175224304199
2000-11-22,300.8483174641927
2000-11-23,300.7157516479492
2000-11-24,300.3533871968587
2000-11-25,300.60499572753906
2000-11-26,300.6622994740804
2000-11-27,300.8649438222249
2000-11-28,301.1407216389974
2000-11-29,301.05941581726074
2000-11-30,300.5511302947998
2000-12-01,300.4553445180257
2000-12-02,300.8604615529378
2000-12-03,300.44356473286945
2000-12-04,300.8776003519694
2000-12-05,300.9462655385335
2000-12-06,300.67878913879395
2000-12-07,300.8431625366211
2000-12-08,300.5873489379883
2000-12-09,300.8304328918457
2000-12-10,300.5958372751872
2000-12-11,300.2274252573649
2000-12-12,300.0122235616048
2000-12-13,299.50059700012207
2000-12-14,298.50283177693683
2000-12-15,297.44805335998535
2000-12-16,296.73598035176593
2000-12-17,297.3186206817627
2000-12-18,297.79403495788574
2000-12-19,298.86836942036945
2000-12-20,298.64123916625977
2000-12-21,298.9942150115967
2000-12-22,299.3811314900716
2000-12-23,299.63887278238934
2000-12-24,299.51513544718426
2000-12-25,299.49626477559406
2000-12-26,299.71563657124835
2000-12-27,299.79875055948895
2000-12-28,299.93595059712726
2000-12-29,299.3606586456299
2000-12-30,299.65300941467285
2000-12-31,299.49100430806476
2001-01-01,299.3024895985921
2001-01-02,298.5309778849284
2001-01-03,298.4634494781494
2001-01-04,298.4052651723226
2001-01-05,298.1675968170166
2001-01-06,298.4236125946045
2001-01-07,298.32083956400555
2001-01-08,297.83988825480145
2001-01-09,297.529847462972
2001-01-10,298.174134572347
2001-01-11,298.0051212310791
2001-01-12,297.4294350941976
2001-01-13,297.623322168986
2001-01-14,297.95806376139325
2001-01-15,297.47556559244794
2001-01-16,297.4361680348714
2001-01-17,297.9935410817464
2001-01-18,298.1667989095052
2001-01-19,298.84585126241046
2001-01-20,298.0301767985026
2001-01-21,297.1344114939372
2001-01-22,297.7991116841634
2001-01-23,297.5443121592204
2001-01-24,297.8079554239909
2001-01-25,297.9863586425781
2001-01-26,298.4418207804362
2001-01-27,298.27907943725586
2001-01-28,298.205119450887
2001-01-29,298.28625106811523
2001-01-30,297.9279950459798
2001-01-31,297.08877881368
2001-02-01,296.68622398376465
2001-02-02,296.9806499481201
2001-02-03,297.4580815633138
2001-02-04,297.78933652242023
2001-02-05,297.4559898376465
2001-02-06,298.18542289733887
2001-02-07,298.4160435994466
2001-02-08,298.4450861612956
2001-02-09,298.3411394755046
2001-02-10,297.78728612263996
2001-02-11,297.8525956471761
2001-02-12,297.78940836588544
2001-02-13,297.8701680501302
2001-02-14,297.5476652781169
2001-02-15,296.87950070699054
2001-02-16,297.8677749633789
2001-02-17,298.6289291381836
2001-02-18,298.30798021952313
2001-02-19,297.80524190266925
2001-02-20,298.07776069641113
2001-02-21,298.2003714243571
2001-02-22,297.8618850708008
2001-02-23,297.47674560546875
2001-02-24,297.8937594095866
2001-02-25,297.1521695454915
2001-02-26,296.72674051920575
2001-02-27,297.4926128387451
2001-02-28,298.08773676554364
2001-03-01,298.2409489949544
2001-03-02,298.3564917246501
2001-03-03,298.41827328999835
2001-03-04,298.5519962310791
2001-03-05,298.6045087178548
2001-03-06,298.50575192769367
2001-03-07,298.4496250152588
2001-03-08,298.56581687927246
2001-03-09,298.33491706848145
2001-03-10,297.58360481262207
2001-03-11,297.58658663431805
2001-03-12,297.1493663787842
2001-03-13,296.94801139831543
2001-03-14,297.5777505238851
2001-03-15,297.89137331644696
2001-03-16,297.5755894978841
2001-03-17,297.2657127380371
2001-03-18,298.1254088083903
2001-03-19,298.563777923584
2001-03-20,299.15985043843585
2001-03-21,299.4191099802653
2001-03-22,298.8873926798503
2001-03-23,298.00001462300617
2001-03-24,297.0955295562744
2001-03-25,297.2294279734294
2001-03-26,298.3151772816976
2001-03-27,298.0578104654948
2001-03-28,298.1039237976074
2001-03-29,298.1967633565267
2001-03-30,298.2326424916585
2001-03-31,298.69945271809894
2001-04-01,297.9879601796468
2001-04-02,297.9703191121419
2001-04-03,297.485502243042
2001-04-04,297.56856600443524
2001-04-05,297.54768498738605
2001-04-06,298.18174425760907
2001-04-07,298.5016613006592
2001-04-08,298.0472297668457
2001-04-09,297.9939594268799
2001-04-10,297.474370320638
2001-04-11,297.6623961130778
2001-04-12,298.3810323079427
2001-04-13,298.4187863667806
2001-04-14,297.0735791524251
2001-04-15,297.6311670939128
2001-04-16,298.7026646931966
2001-04-17,298.5728047688802
2001-04-18,298.0971851348877
2001-04-19,299.06601905822754
2001-04-20,297.63080978393555
2001-04-21,297.47610028584796
2001-04-22,298.0973192850749
2001-04-23,298.4227746327718
2001-04-24,299.07263628641766
2001-04-25,298.5169219970703
2001-04-26,299.0005162556966
2001-04-27,299.06439717610675
2001-04-28,298.65305455525714
2001-04-29,298.7448438008626
2001-04-30,298.9366925557454
2001-05-01,298.62632433573407
2001-05-02,298.7997080485026
2001-05-03,299.42469851175946
2001-05-04,299.0313097635905
2001-05-05,299.0144742329915
2001-05-06,298.5045967102051
2001-05-07,299.39268557230633
2001-05-08,299.28050486246747
2001-05-09,299.5028654734294
2001-05-10,299.3914210001628
2001-05-11,298.94713401794434
2001-05-12,299.29943148295087
2001-05-13,299.5688711802165
2001-05-14,299.49995676676434
2001-05-15,300.0337670644124
2001-05-16,299.60256004333496
2001-05-17,299.52090644836426
2001-05-18,299.21510378519696
2001-05-19,299.6921920776367
2001-05-20,299.63684209187824
2001-05-21,300.1182549794515
2001-05-22,299.49962425231934
2001-05-23,299.4068997701009
2001-05-24,298.72298940022785
2001-05-25,298.3593921661377
2001-05-26,298.9248847961426
2001-05-27,299.7384827931722
2001-05-28,299.8532549540202
2001-05-29,299.806697845459
2001-05-30,299.4608211517334
2001-05-31,299.2747058868408
2001-06-01,298.88187472025555
2001-06-02,298.8702754974365
2001-06-03,298.53682072957355
2001-06-04,298.2837562561035
2001-06-05,298.2011489868164
2001-06-06,297.93303298950195
2001-06-07,298.15096728007
2001-06-08,298.5375289916992
2001-06-09,298.2650286356608
2001-06-10,298.7929439544678
2001-06-11,298.6410846710205
2001-06-12,298.2313982645671
2001-06-13,298.4257621765137
2001-06-14,298.0534915924072
2001-06-15,298.4210567474365
2001-06-16,298.3286139170329
2001-06-17,299.0264383951823
2001-06-18,299.33963203430176
2001-06-19,299.196715037028
2001-06-20,298.5755443572998
2001-06-21,298.4236189524333
2001-06-22,298.5912437438965
2001-06-23,297.7794818878174
2001-06-24,298.2324155171712
2001-06-25,298.57695388793945
2001-06-26,299.18594296773273
2001-06-27,299.05526542663574
2001-06-28,298.5812479654948
2001-06-29,298.412348429362
2001-06-30,299.0024668375651
2001-07-01,298.92001978556317
2001-07-02,298.72954750061035
2001-07-03,298.6840928395589
2001-07-04,299.0021343231201
2001-07-05,299.43832206726074
2001-07-06,299.4051202138265
2001-07-07,298.7902482350667
2001-07-08,298.8986651102702
2001-07-09,299.3732973734538
2001-07-10,298.79511133829754
2001-07-11,298.66845957438153
2001-07-12,299.23928451538086
2001-07-13,299.44079971313477
2001-07-14,299.06312052408856
2001-07-15,298.5683828989665
2001-07-16,298.9834378560384
2001-07-17,298.95829582214355
2001-07-18,298.9311072031657
2001-07-19,299.12921078999835
2001-07-20,299.42395718892413
2001-07-21,298.96726671854657
2001-07-22,298.89292844136554
2001-07-23,298.8591079711914
2001-07-24,298.7212886810303
2001-07-25,298.4421443939209
2001-07-26,298.57472546895343
2001-07-27,298.95548311869305
2001-07-28,299.02549235026044
2001-07-29,299.4414602915446
2001-07-30,299.6302096048991
2001-07-31,299.46206601460773
2001-08-01,299.21033414204913
2001-08-02,299.7794990539551
2001-08-03,300.19876861572266
2001-08-04,299.8426742553711
2001-08-05,300.27165095011395
2001-08-06,300.40156809488934
2001-08-07,300.1226495107015
2001-08-08,300.2272090911865
2001-08-09,299.88436063130695
2001-08-10,299.99735832214355
2001-08-11,300.18982823689777
2001-08-12,300.04416847229004
2001-08-13,299.6698862711589
2001-08-14,300.0075391133626
2001-08-15,299.9311122894287
2001-08-16,300.0627091725667
2001-08-17,300.3400586446126
2001-08-18,299.78629875183105
2001-08-19,300.111275990804
2001-08-20,299.94734891255695
2001-08-21,299.75312995910645
2001-08-22,299.8938961029053
2001-08-23,300.12452189127606
2001-08-24,299.96249834696454
2001-08-25,299.89456113179523
2001-08-26,299.8584912618001
2001-08-27,300.02513949076337
2001-08-28,300.14667956034344
2001-08-29,300.4516906738281
2001-08-30,300.36447525024414
2001-08-31,300.1062596638997
2001-09-01,300.2500629425049
2001-09-02,300.01730664571124
2001-09-03,300.45466868082684
2001-09-04,300.4527231852214
2001-09-05,299.91751925150555
2001-09-06,300.0194568634033
2001-09-07,299.7466189066569
2001-09-08,299.75181261698407
2001-09-09,299.9808413187663
2001-09-10,300.32346789042157
2001-09-11,300.4694398244222
2001-09-12,300.2580083211263
2001-09-13,300.03756014506024
2001-09-14,299.91307322184247
2001-09-15,299.9067185719808
2001-09-16,300.4436442057292
2001-09-17,300.46072324117023
2001-09-18,300.3421980539958
2001-09-19,299.4846954345703
2001-09-20,299.7020657857259
2001-09-21,299.55246289571124
2001-09-22,299.7871557871501
2001-09-23,299.87322425842285
2001-09-24,300.1740010579427
2001-09-25,300.25035603841144
2001-09-26,300.4774570465088
2001-09-27,300.49624188741046
2001-09-28,300.9649244944255
2001-09-29,300.6561082204183
2001-09-30,300.36162694295246
2001-10-01,300.41131019592285
2001-10-02,300.5226173400879
2001-10-03,301.01420338948566
2001-10-04,300.83128865559894
2001-10-05,300.45361646016437
2001-10-06,300.4912516276042
2001-10-07,300.48927307128906
2001-10-08,300.75860023498535
2001-10-09,300.7206834157308
2001-10-10,300.59904225667316
2001-10-11,301.0786412556966
2001-10-12,300.92297172546387
2001-10-13,300.6848570505778
2001-10-14,299.77141698201496
2001-10-15,300.4012050628662
2001-10-16,300.2209116617839
2001-10-17,300.68117332458496
2001-10-18,301.20985921223956
2001-10-19,300.9595476786296
2001-10-20,301.1488208770752
2001-10-21,300.89342562357587
2001-10-22,300.99948438008624
2001-10-23,301.05867258707684
2001-10-24,300.7894980112712
2001-10-25,300.41918818155926
2001-10-26,299.93722279866535
2001-10-27,300.05500920613605
2001-10-28,300.6259307861328
2001-10-29,300.73511060078937
2001-10-30,301.32107480367023
2001-10-31,301.1235116322835
2001-11-01,300.7890860239665
2001-11-02,300.824187596639
2001-11-03,300.602092107137
2001-11-04,301.40784581502277
2001-11-05,301.3775863647461
2001-11-06,301.60979143778485
2001-11-07,301.07250595092773
2001-11-08,300.7298291524251
2001-11-09,300.84993743896484
2001-11-10,300.99773534138996
2001-11-11,301.1097164154053
2001-11-12,301.2013365427653
2001-11-13,301.2001717885335
2001-11-14,301.25737317403156
2001-11-15,301.48798751831055
2001-11-16,301.0458418528239
2001-11-17,301.2665818532308
2001-11-18,301.34252484639484
2001-11-19,301.1695969899495
2001-11-20,301.13427289326984
2001-11-21,301.00855382283527
2001-11-22,301.15910784403485
2001-11-23,301.0364220937093
2001-11-24,301.39601643880206
2001-11-25,301.3528931935628
2001-11-26,301.1363124847412
2001-11-27,301.7345511118571
2001-11-28,301.24722226460773
2001-11-29,301.20389048258465
2001-11-30,301.38314056396484
2001-12-01,301.49427858988446
2001-12-02,301.5246772766113
2001-12-03,301.27273686726886
2001-12-04,300.6624946594238
2001-12-05,299.9168059031169
2001-12-06,300.0556246439616
2001-12-07,300.158940633138
2001-12-08,299.86185455322266
2001-12-09,300.03606541951496
2001-12-10,300.0182711283366
2001-12-11,300.28513018290204
2001-12-12,300.42493057250977
2001-12-13,300.60433769226074
2001-12-14,301.0567404429118
2001-12-15,301.24775250752765
2001-12-16,301.0841007232666
2001-12-17,301.25625546773273
2001-12-18,301.24996757507324
2001-12-19,301.5357837677002
2001-12-20,301.3689333597819
2001-12-21,301.0017770131429
2001-12-22,301.1825071970622
2001-12-23,301.03815841674805
2001-12-24,301.1941197713216
2001-12-25,301.3309739430745
2001-12-26,300.8934904734294
2001-12-27,300.6481393178304
2001-12-28,300.1731821695964
2001-12-29,299.98257700602215
2001-12-30,300.4230588277181
2001-12-31,300.042776743571
2002-01-01,299.9079895019531
2002-01-02,300.2001889546712
2002-01-03,300.53865877787274
2002-01-04,299.6873970031738
2002-01-05,299.8811791737874
2002-01-06,298.4257876078288
2002-01-07,297.7801144917806
2002-01-08,297.91436195373535
2002-01-09,299.0754280090332
2002-01-10,299.4401715596517
2002-01-11,298.86269187927246
2002-01-12,298.87704149882
2002-01-13,299.48684628804523
2002-01-14,298.45910263061523
2002-01-15,298.3992665608724
2002-01-16,299.2243792215983
2002-01-17,299.0992832183838
2002-01-18,298.25609016418457
2002-01-19,298.03446769714355
2002-01-20,298.3289311726888
2002-01-21,298.64175033569336
2002-01-22,298.5124028523763
2002-01-23,298.71289316813153
2002-01-24,298.74400520324707
2002-01-25,298.90982755025226
2002-01-26,299.1927407582601
2002-01-27,299.44161224365234
2002-01-28,299.09670384724933
2002-01-29,298.80545171101886
2002-01-30,298.70391782124835
2002-01-31,298.8388277689616
2002-02-01,298.5724811553955
2002-02-02,298.86273129781085
2002-02-03,298.5377960205078
2002-02-04,298.91157086690265
2002-02-05,298.7050380706787
2002-02-06,298.6924425760905
2002-02-07,298.68306732177734
2002-02-08,297.7541739145915
2002-02-09,298.3277638753255
2002-02-10,298.42354075113934
2002-02-11,298.049259185791
2002-02-12,297.1558609008789
2002-02-13,298.3138058980306
2002-02-14,298.48986434936523
2002-02-15,298.40577443440753
2002-02-16,298.3212782541911
2002-02-17,298.9909140268962
2002-02-18,299.295077641805
2002-02-19,298.83494567871094
2002-02-20,299.49520047505695
2002-02-21,300.02840868632
2002-02-22,300.45732498168945
2002-02-23,300.65247472127277
2002-02-24,299.9765790303548
2002-02-25,299.5786323547363
2002-02-26,299.51988983154297
2002-02-27,299.79240163167316
2002-02-28,299.5420570373535
2002-03-01,299.07219823201496
2002-03-02,299.26320966084796
2002-03-03,298.4883060455322
2002-03-04,297.26363436381024
2002-03-05,298.43628819783527
2002-03-06,298.740966796875
2002-03-07,298.723175684611
2002-03-08,298.3544336954753
2002-03-09,298.3275375366211
2002-03-10,297.7816270192464
2002-03-11,297.85652287801105
2002-03-12,298.80852699279785
2002-03-13,298.9237632751465
2002-03-14,299.64218521118164
2002-03-15,298.91046778361004
2002-03-16,298.80072085062665
2002-03-17,299.1666971842448
2002-03-18,298.77136993408203
2002-03-19,299.126428604126
2002-03-20,298.98193105061847
2002-03-21,299.4380747477214
2002-03-22,298.88687960306805
2002-03-23,297.76619784037274
2002-03-24,298.12120310465497
2002-03-25,298.5879758199056
2002-03-26,298.8623689015706
2002-03-27,298.2383639017741
2002-03-28,299.19381586710614
2002-03-29,299.2459882100423
2002-03-30,298.7649319966634
2002-03-31,298.60073216756183
2002-04-01,298.55371475219727
2002-04-02,299.36943499247235
2002-04-03,299.1141923268636
2002-04-04,298.5909360249837
2002-04-05,298.315092086792
2002-04-06,298.2237968444824
2002-04-07,298.292818069458
2002-04-08,298.84009488423663
2002-04-09,298.4824918111165
2002-04-10,297.8293285369873
2002-04-11,298.1226921081543
2002-04-12,298.2592188517253
2002-04-13,299.11180941263837
2002-04-14,299.13856252034503
2002-04-15,298.7500591278076
2002-04-16,297.7822259267171
2002-04-17,298.7018273671468
2002-04-18,299.493647257487
2002-04-19,299.1207338968913
2002-04-20,298.74435488382977
2002-04-21,298.5829842885335
2002-04-22,298.1508255004883
2002-04-23,297.99402300516766
2002-04-24,297.85985374450684
2002-04-25,298.40562947591144
2002-04-26,298.275239944458
2002-04-27,298.1220620473226
2002-04-28,298.2297782897949
2002-04-29,298.60044797261554
2002-04-30,299.02837498982746
2002-05-01,299.0259443918864
2002-05-02,298.20761553446454
2002-05-03,298.57833607991535
2002-05-04,298.64396476745605
2002-05-05,298.9657866160075
2002-05-06,299.10583114624023
2002-05-07,299.0366071065267
2002-05-08,298.45938936869305
2002-05-09,298.2093912760417
2002-05-10,299.10887972513837
2002-05-11,299.55565516153973
2002-05-12,299.35425249735516
2002-05-13,299.5095272064209
2002-05-14,299.89097086588544
2002-05-15,298.77650960286456
2002-05-16,298.29350026448566
2002-05-17,298.9231535593669
2002-05-18,298.9120127360026
2002-05-19,299.3390757242839
2002-05-20,299.6522439320882
2002-05-21,299.956257502238
2002-05-22,299.96142832438153
2002-05-23,299.90851974487305
2002-05-24,299.1302178700765
2002-05-25,298.8861935933431
2002-05-26,299.39686520894367
2002-05-27,299.2883758544922
2002-05-28,299.1924025217692
2002-05-29,299.17453384399414
2002-05-30,299.6121463775635
2002-05-31,299.3215726216634
2002-06-01,298.5484161376953
2002-06-02,298.42370986938477
2002-06-03,298.77518971761066
2002-06-04,299.2389507293701
2002-06-05,298.9501037597656
2002-06-06,298.8943239847819
2002-06-07,298.4305248260498
2002-06-08,298.36174329121906
2002-06-09,298.9773343404134
2002-06-10,299.2766977945964
2002-06-11,299.49016698201496
2002-06-12,298.99226633707684
2002-06-13,298.8522211710612
2002-06-14,298.5521748860677
2002-06-15,298.53668212890625
2002-06-16,298.6319351196289
2002-06-17,298.4047565460205
2002-06-18,298.7502263387044
2002-06-19,299.00502649943036
2002-06-20,298.99809137980145
2002-06-21,299.1401475270589
2002-06-22,299.11365763346356
2002-06-23,298.6910807291667
2002-06-24,299.2795886993408
2002-06-25,299.29933166503906
2002-06-26,299.28214200337726
2002-06-27,298.623530069987
2002-06-28,299.51824887593585
2002-06-29,299.9311154683431
2002-06-30,299.6203358968099
2002-07-01,299.35239283243817
2002-07-02,298.86573028564453
2002-07-03,299.3641834259033
2002-07-04,299.693115234375
2002-07-05,299.6821149190267
2002-07-06,299.800334294637
2002-07-07,300.1531461079915
2002-07-08,299.45848019917804
2002-07-09,299.35365231831867
2002-07-10,299.47229194641113
2002-07-11,299.5509847005208
2002-07-12,299.3475742340088
2002-07-13,299.37389818827313
2002-07-14,299.51132265726727
2002-07-15,299.78342310587567
2002-07-16,299.8129940032959
2002-07-17,299.7809416453044
2002-07-18,299.69168853759766
2002-07-19,299.66553115844727
2002-07-20,299.71263758341473
2002-07-21,299.73051198323566
2002-07-22,299.8569164276123
2002-07-23,299.92349433898926
2002-07-24,299.8874734242757
2002-07-25,299.7374610900879
2002-07-26,298.92374992370605
2002-07-27,298.7964235941569
2002-07-28,299.31869888305664
2002-07-29,299.517635345459
2002-07-30,299.39082463582355
2002-07-31,299.39326032002765
2002-08-01,299.3588727315267
2002-08-02,299.68717702229816
2002-08-03,299.86236508687335
2002-08-04,299.13189061482746
2002-08-05,299.25992012023926
2002-08-06,299.3996111551921
2002-08-07,299.5157890319824
2002-08-08,299.5122305552165
2002-08-09,299.9438533782959
2002-08-10,299.86194547017413
2002-08-11,299.4697621663411
2002-08-12,299.8589382171631
2002-08-13,299.98130989074707
2002-08-14,299.85851860046387
2002-08-15,299.6815840403239
2002-08-16,299.32483228047687
2002-08-17,299.5760612487793
2002-08-18,299.55847295125324
2002-08-19,299.71033414204913
2002-08-20,299.90071360270184
2002-08-21,300.465056737264
2002-08-22,300.5318253835042
2002-08-23,300.3638909657796
2002-08-24,300.32222747802734
2002-08-25,300.87665875752765
2002-08-26,300.3662624359131
2002-08-27,300.2400538126628
2002-08-28,300.4555886586507
2002-08-29,300.2028344472249
2002-08-30,300.52580642700195
2002-08-31,300.598731358846
2002-09-01,300.6293493906657
2002-09-02,300.51876894632977
2002-09-03,300.53049723307294
2002-09-04,300.54348691304523
2002-09-05,300.2170702616374
2002-09-06,300.2683302561442
2002-09-07,300.14701652526855
2002-09-08,300.25613594055176
2002-09-09,300.7227611541748
2002-09-10,300.8973038991292
2002-09-11,300.7344379425049
2002-09-12,300.61390622456867
2002-09-13,300.5782553354899
2002-09-14,300.4817822774251
2002-09-15,300.5912036895752
2002-09-16,300.8234507242839
2002-09-17,301.01518122355145
2002-09-18,301.06236267089844
2002-09-19,300.6101640065511
2002-09-20,300.3433958689372
2002-09-21,300.52829297383624
2002-09-22,300.54208119710285
2002-09-23,300.7918281555176
2002-09-24,300.60034497578937
2002-09-25,300.74648666381836
2002-09-26,300.6100737253825
2002-09-27,300.9588559468587
2002-09-28,300.7012297312419
2002-09-29,300.30287806193036
2002-09-30,300.5083643595378
2002-10-01,300.5004075368245
2002-10-02,300.7170804341634
2002-10-03,300.92518107096356
2002-10-04,300.97194544474286
2002-10-05,300.68820508321124
2002-10-06,300.97974522908527
2002-10-07,301.3064200083415
2002-10-08,300.3965409596761
2002-10-09,300.48205375671387
2002-10-10,301.186004002889
2002-10-11,301.1184876759847
2002-10-12,300.57138506571454
2002-10-13,300.6523952484131
2002-10-14,300.79627990722656
2002-10-15,300.82180722554523
2002-10-16,300.98859278361004
2002-10-17,300.58985710144043
2002-10-18,300.56131807963055
2002-10-19,300.7939313252767
2002-10-20,300.7457968393962
2002-10-21,300.96432558695477
2002-10-22,301.1312503814697
2002-10-23,300.95565096537274
2002-10-24,300.73750432332355
2002-10-25,300.72110303243
2002-10-26,300.8094539642334
2002-10-27,300.60833104451496
2002-10-28,300.56117312113446
2002-10-29,300.72986793518066
2002-10-30,300.87879117329913
2002-10-31,301.1455605824788
2002-11-01,300.9198404947917
2002-11-02,301.2945849100749
2002-11-03,300.7354857126872
2002-11-04,300.6216386159261
2002-11-05,301.0120436350505
2002-11-06,301.3533198038737
2002-11-07,301.07663917541504
2002-11-08,300.94246037801105
2002-11-09,300.3096726735433
2002-11-10,300.58731269836426
2002-11-11,300.8685811360677
2002-11-12,300.90035883585614
2002-11-13,300.8059883117676
2002-11-14,301.1312770843506
2002-11-15,300.7616901397705
2002-11-16,300.4863637288411
2002-11-17,300.4358107248942
2002-11-18,300.55538241068524
2002-11-19,300.7985725402832
2002-11-20,300.7031358083089
2002-11-21,300.79877916971844
2002-11-22,300.94672203063965
2002-11-23,300.60961723327637
2002-11-24,300.4866943359375
2002-11-25,300.80944633483887
2002-11-26,300.84152285257977
2002-11-27,300.5408465067546
2002-11-28,300.6208388010661
2002-11-29,301.2888927459717
2002-11-30,301.0548407236735
2002-12-01,300.9273166656494
2002-12-02,300.2581793467204
2002-12-03,300.07244936625165
2002-12-04,300.8420518239339
2002-12-05,301.0873095194499
2002-12-06,300.7747230529785
2002-12-07,300.20228385925293
2002-12-08,299.85869280497235
2002-12-09,298.8552716573079
2002-12-10,298.28642717997235
2002-12-11,299.1216875712077
2002-12-12,299.3528086344401
2002-12-13,300.0687650044759
2002-12-14,300.2743631998698
2002-12-15,300.3678429921468
2002-12-16,301.1684315999349
2002-12-17,300.9380709330241
2002-12-18,300.396910349528
2002-12-19,300.1679236094157
2002-12-20,299.77983411153156
2002-12-21,299.3080749511719
2002-12-22,299.5830764770508
2002-12-23,299.79546483357746
2002-12-24,299.5772507985433
2002-12-25,299.6439679463704
2002-12-26,299.1781717936198
2002-12-27,298.91792424519855
2002-12-28,298.6972942352295
2002-12-29,299.2028668721517
2002-12-30,299.3821144104004
2002-12-31,299.7502778371175
2003-01-01,299.9809176127116
2003-01-02,299.6511599222819
2003-01-03,300.5893319447835
2003-01-04,300.6730550130208
2003-01-05,300.2129904429118
2003-01-06,300.5474656422933
2003-01-07,300.8285662333171
2003-01-08,301.08215204874676
2003-01-09,300.85138448079425
2003-01-10,300.1313133239746
2003-01-11,299.90925788879395
2003-01-12,299.42571385701496
2003-01-13,299.55889892578125
2003-01-14,299.8127161661784
2003-01-15,299.7855478922526
2003-01-16,300.3485698699951
2003-01-17,299.9861634572347
2003-01-18,299.36009279886883
2003-01-19,299.30581792195636
2003-01-20,298.9352461496989
2003-01-21,298.69004249572754
2003-01-22,298.3369897206624
2003-01-23,298.14102490743
2003-01-24,298.4964408874512
2003-01-25,298.7577184041341
2003-01-26,298.6767342885335
2003-01-27,298.3345940907796
2003-01-28,298.4825795491536
2003-01-29,298.9100818634033
2003-01-30,299.0565643310547
2003-01-31,298.1802291870117
2003-02-01,298.25052134195965
2003-02-02,298.1246109008789
2003-02-03,297.69211260477704
2003-02-04,298.37439918518066
2003-02-05,298.6232738494873
2003-02-06,298.10132217407227
2003-02-07,298.9156246185303
2003-02-08,299.2689501444499
2003-02-09,298.9699598948161
2003-02-10,298.36535898844403
2003-02-11,298.3367837270101
2003-02-12,298.1615575154622
2003-02-13,297.72563552856445
2003-02-14,298.20287831624347
2003-02-15,298.37294896443683
2003-02-16,298.80995814005536
2003-02-17,298.57786814371747
2003-02-18,298.2271722157796
2003-02-19,298.6414159138997
2003-02-20,298.22342618306476
2003-02-21,298.6011854807536
2003-02-22,298.4031810760498
2003-02-23,297.9548619588216
2003-02-24,297.38836606343585
2003-02-25,297.49401728312176
2003-02-26,297.4260908762614
2003-02-27,297.77246983846027
2003-02-28,298.5348873138428
2003-03-01,298.21940422058105
2003-03-02,298.1842492421468
2003-03-03,298.6738033294678
2003-03-04,298.37635548909503
2003-03-05,297.6122881571452
2003-03-06,297.6798833211263
2003-03-07,297.58505694071454
2003-03-08,298.2188294728597
2003-03-09,298.56736946105957
2003-03-10,298.47935740152997
2003-03-11,299.10976727803546
2003-03-12,299.3415171305339
2003-03-13,298.39758618672687
2003-03-14,298.1152629852295
2003-03-15,298.8899745941162
2003-03-16,298.9778238932292
2003-03-17,298.76464970906574
2003-03-18,299.27935727437335
2003-03-19,298.3027057647705
2003-03-20,298.57307116190594
2003-03-21,298.9732386271159
2003-03-22,298.4232813517253
2003-03-23,297.8928515116374
2003-03-24,298.97254943847656
2003-03-25,298.64395332336426
2003-03-26,297.8816388448079
2003-03-27,298.6000868479411
2003-03-28,298.5908025105794
2003-03-29,298.66796112060547
2003-03-30,298.19869168599445
2003-03-31,298.5251700083415
2003-04-01,297.9281145731608
2003-04-02,298.07408396402997
2003-04-03,298.4280891418457
2003-04-04,298.3648401896159
2003-04-05,298.4854272206624
2003-04-06,298.37123107910156
2003-04-07,299.5064951578776
2003-04-08,299.62515958150226
2003-04-09,298.56358973185223
2003-04-10,298.72360038757324
2003-04-11,298.28350830078125
2003-04-12,298.9543450673421
2003-04-13,299.0294768015544
2003-04-14,299.0724245707194
2003-04-15,298.4395459493001
2003-04-16,298.2966817220052
2003-04-17,298.0531368255615
2003-04-18,298.7123082478841
2003-04-19,299.22654151916504
2003-04-20,298.75419998168945
2003-04-21,298.7871831258138
2003-04-22,298.86908467610675
2003-04-23,298.4219487508138
2003-04-24,298.864107131958
2003-04-25,298.8849875132243
2003-04-26,297.6327546437581
2003-04-27,298.51036262512207
2003-04-28,298.23222223917645
2003-04-29,298.5575536092122
2003-04-30,298.827579498291
2003-05-01,298.41401227315265
2003-05-02,298.30113410949707
2003-05-03,298.40333366394043
2003-05-04,298.44964663187665
2003-05-05,298.2374623616536
2003-05-06,299.0354226430257
2003-05-07,299.2363452911377
2003-05-08,299.70040130615234
2003-05-09,299.65962409973145
2003-05-10,299.6145655314128
2003-05-11,299.278564453125
2003-05-12,299.43531545003253
2003-05-13,299.2712001800537
2003-05-14,299.2347297668457
2003-05-15,299.07406934102374
2003-05-16,298.8303960164388
2003-05-17,299.1678098042806
2003-05-18,299.3530451456706
2003-05-19,299.4153124491374
2003-05-20,299.78093973795575
2003-05-21,299.5039520263672
2003-05-22,299.8049901326497
2003-05-23,299.8088804880778
2003-05-24,299.5307140350342
2003-05-25,299.74230766296387
2003-05-26,299.48535410563153
2003-05-27,299.4631856282552
2003-05-28,299.6909828186035
2003-05-29,300.0114148457845
2003-05-30,299.6818046569824
2003-05-31,299.2231089274089
2003-06-01,299.10737291971844
2003-06-02,299.1209176381429
2003-06-03,299.40223693847656
2003-06-04,299.6083017985026
2003-06-05,299.0801321665446
2003-06-06,299.0574645996094
2003-06-07,299.36276563008624
2003-06-08,298.9306863149007
2003-06-09,298.7782402038574
2003-06-10,299.1220703125
2003-06-11,298.8028373718262
2003-06-12,299.16307640075684
2003-06-13,298.85688400268555
2003-06-14,299.40392939249676
2003-06-15,299.2717221577962
2003-06-16,299.5565808614095
2003-06-17,299.39623832702637
2003-06-18,298.98096148173016
2003-06-19,299.4689114888509
2003-06-20,299.639799118042
2003-06-21,299.09898948669434
2003-06-22,299.3777548472087
2003-06-23,299.0713583628337
2003-06-24,299.4275951385498
2003-06-25,299.6775550842285
2003-06-26,299.44000879923504
2003-06-27,299.5665734608968
2003-06-28,299.8927930196126
2003-06-29,300.08517201741535
2003-06-30,299.8628330230713
2003-07-01,299.71195220947266
2003-07-02,298.7817783355713
2003-07-03,298.6819756825765
2003-07-04,299.10291481018066
2003-07-05,299.07861200968426
2003-07-06,299.1879475911458
2003-07-07,299.1797631581624
2003-07-08,299.0754877726237
2003-07-09,299.329137802124
2003-07-10,300.016326268514
2003-07-11,300.1355806986491
2003-07-12,300.0061543782552
2003-07-13,299.78513526916504
2003-07-14,299.3270092010498
2003-07-15,299.5362497965495
2003-07-16,300.14619636535645
2003-07-17,300.1702226003011
2003-07-18,300.1740487416585
2003-07-19,300.3469403584798
2003-07-20,299.77727699279785
2003-07-21,299.46386909484863
2003-07-22,299.46465428670246
2003-07-23,299.573060353597
2003-07-24,299.73498662312824
2003-07-25,299.806583404541
2003-07-26,299.39437675476074
2003-07-27,299.2529519399007
2003-07-28,299.3691469828288
2003-07-29,300.16940371195477
2003-07-30,300.0699513753255
2003-07-31,299.7909984588623
2003-08-01,299.61249287923175
2003-08-02,300.20417340596515
2003-08-03,299.9507884979248
2003-08-04,299.5531889597575
2003-08-05,299.610076268514
2003-08-06,299.85701815287274
2003-08-07,299.99752108256024
2003-08-08,299.6887385050456
2003-08-09,299.68858400980633
2003-08-10,299.61216672261554
2003-08-11,299.54469617207843
2003-08-12,299.80438168843585
2003-08-13,300.0038604736328
2003-08-14,300.027868270874
2003-08-15,299.79251289367676
2003-08-16,299.83434677124023
2003-08-17,299.6706422170003
2003-08-18,299.48278045654297
2003-08-19,298.7108217875163
2003-08-20,299.5439275105794
2003-08-21,300.48621559143066
2003-08-22,300.3756675720215
2003-08-23,300.3152624766032
2003-08-24,300.0829321543376
2003-08-25,300.1739095052083
2003-08-26,300.21448135375977
2003-08-27,300.33581225077313
2003-08-28,300.51087443033856
2003-08-29,300.0303529103597
2003-08-30,299.84740257263184
2003-08-31,299.7652174631755
2003-09-01,299.8380762736003
2003-09-02,299.7100245157878
2003-09-03,299.8866761525472
2003-09-04,300.4556579589844
2003-09-05,300.26748847961426
2003-09-06,300.30167961120605
2003-09-07,300.5083751678467
2003-09-08,300.5100968678792
2003-09-09,300.46752548217773
2003-09-10,300.7501220703125
2003-09-11,300.6130078633626
2003-09-12,300.0812397003174
2003-09-13,300.05631828308105
2003-09-14,300.1698869069417
2003-09-15,300.0718536376953
2003-09-16,299.80299377441406
2003-09-17,299.9100907643636
2003-09-18,300.54897689819336
2003-09-19,300.3607006072998
2003-09-20,300.75071970621747
2003-09-21,300.7375551859538
2003-09-22,300.65026601155597
2003-09-23,300.498982111613
2003-09-24,300.11925888061523
2003-09-25,300.46522013346356
2003-09-26,300.6133632659912
2003-09-27,300.7865339914958
2003-09-28,300.6205819447835
2003-09-29,300.5607280731201
2003-09-30,301.09738604227704
2003-10-01,300.9496390024821
2003-10-02,301.0534432729085
2003-10-03,301.1752166748047
2003-10-04,301.322712580363
2003-10-05,300.98179562886554
2003-10-06,300.79276275634766
2003-10-07,301.2163626352946
2003-10-08,300.86758104960126
2003-10-09,300.785254796346
2003-10-10,301.0878798166911
2003-10-11,301.2074998219808
2003-10-12,300.94358253479004
2003-10-13,301.07366943359375
2003-10-14,300.6750653584798
2003-10-15,300.92192522684735
2003-10-16,299.6586214701335
2003-10-17,300.3470649719238
2003-10-18,300.48143768310547
2003-10-19,300.7102762858073
2003-10-20,300.59778849283856
2003-10-21,300.53845532735187
2003-10-22,300.60663350423175
2003-10-23,300.5295054117839
2003-10-24,300.92958577473956
2003-10-25,300.6737988789876
2003-10-26,300.57802708943683
2003-10-27,300.19883155822754
2003-10-28,300.34935188293457
2003-10-29,300.7083098093669
2003-10-30,300.7570997873942
2003-10-31,300.4410336812337
2003-11-01,300.4501310984294
2003-11-02,300.9059034983317
2003-11-03,300.8309548695882
2003-11-04,300.7736619313558
2003-11-05,300.7334518432617
2003-11-06,301.073190053304
2003-11-07,300.8812510172526
2003-11-08,301.2376937866211
2003-11-09,301.0063304901123
2003-11-10,300.9997965494792
2003-11-11,301.04846318562824
2003-11-12,300.9231135050456
2003-11-13,301.3889395395915
2003-11-14,300.6576493581136
2003-11-15,300.7065823872884
2003-11-16,300.586581548055
2003-11-17,301.0233910878499
2003-11-18,300.5566050211589
2003-11-19,300.5336386362712
2003-11-20,300.8443012237549
2003-11-21,301.3090941111247
2003-11-22,301.07477378845215
2003-11-23,301.0490474700928
2003-11-24,300.51861000061035
2003-11-25,301.06837272644043
2003-11-26,301.2851384480794
2003-11-27,301.6807270050049
2003-11-28,301.08850860595703
2003-11-29,300.73555692036945
2003-11-30,300.5751775105794
2003-12-01,300.92842229207355
2003-12-02,300.9689693450928
2003-12-03,300.9658457438151
2003-12-04,301.1042645772298
2003-12-05,301.3208255767822
2003-12-06,301.6559034983317
2003-12-07,301.005308787028
2003-12-08,300.94087982177734
2003-12-09,301.1332206726074
2003-12-10,301.279447555542
2003-12-11,300.96449597676593
2003-12-12,300.52967898050946
2003-12-13,299.7802314758301
2003-12-14,299.6078624725342
2003-12-15,299.4555371602376
2003-12-16,299.8080005645752
2003-12-17,300.5689392089844
2003-12-18,300.7437801361084
2003-12-19,300.38733800252277
2003-12-20,300.4006468454997
2003-12-21,300.44093958536786
2003-12-22,300.1117515563965
2003-12-23,300.5375811258952
2003-12-24,300.45383580525714
2003-12-25,300.57024002075195
2003-12-26,299.835257212321
2003-12-27,298.8811829884847
2003-12-28,299.452356338501
2003-12-29,299.73764991760254
2003-12-30,300.3684501647949
2003-12-31,299.76136144002277
2004-01-01,299.6057955423991
2004-01-02,299.37370045979816
2004-01-03,300.25803248087567
2004-01-04,300.16526794433594
2004-01-05,299.8581352233887
2004-01-06,300.4655418395996
2004-01-07,300.61935869852704
2004-01-08,300.6124375661214
2004-01-09,299.87378056844074
2004-01-10,299.8569742838542
2004-01-11,299.14625358581543
2004-01-12,299.094331741333
2004-01-13,299.0023136138916
2004-01-14,298.3602835337321
2004-01-15,298.6495367685954
2004-01-16,298.86015065511066
2004-01-17,298.23264567057294
2004-01-18,299.28132311503094
2004-01-19,299.00405438741046
2004-01-20,299.0083287556966
2004-01-21,298.90921847025555
2004-01-22,298.74047978719074
2004-01-23,298.3159535725911
2004-01-24,298.24611981709796
2004-01-25,299.54045422871906
2004-01-26,299.3124415079753
2004-01-27,299.4581381479899
2004-01-28,299.059534072876
2004-01-29,298.08825238545734
2004-01-30,297.87228775024414
2004-01-31,297.4491081237793
2004-02-01,298.0464630126953
2004-02-02,298.2066116333008
2004-02-03,297.6550102233887
2004-02-04,297.2921339670817
2004-02-05,297.47924486796063
2004-02-06,297.3976135253906
2004-02-07,297.2808787027995
2004-02-08,297.6081848144531
2004-02-09,297.6957829793294
2004-02-10,298.2281328837077
2004-02-11,298.5539906819661
2004-02-12,299.07166417439777
2004-02-13,298.8924954732259
2004-02-14,298.2125301361084
2004-02-15,298.13197898864746
2004-02-16,297.90532938639325
2004-02-17,297.9197260538737
2004-02-18,298.2823766072591
2004-02-19,298.4358787536621
2004-02-20,298.33822441101074
2004-02-21,298.0673001607259
2004-02-22,298.0158812204997
2004-02-23,297.48913955688477
2004-02-24,298.5334815979004
2004-02-25,299.2085609436035
2004-02-26,298.9104976654053
2004-02-27,298.40043449401855
2004-02-28,298.3392925262451
2004-02-29,298.5184148152669
2004-03-01,297.81846809387207
2004-03-02,298.7136052449544
2004-03-03,299.3191026051839
2004-03-04,299.18309529622394
2004-03-05,298.94929122924805
2004-03-06,298.590815226237
2004-03-07,298.3990427652995
2004-03-08,298.67879549662274
2004-03-09,297.20674387613934
2004-03-10,298.661563873291
2004-03-11,298.3274561564128
2004-03-12,298.2866611480713
2004-03-13,298.7697016398112
2004-03-14,298.7269916534424
2004-03-15,298.7422332763672
2004-03-16,298.15606689453125
2004-03-17,298.04100290934247
2004-03-18,298.2128276824951
2004-03-19,298.47758801778156
2004-03-20,298.9431610107422
2004-03-21,299.7527313232422
2004-03-22,299.15648714701337
2004-03-23,298.5028877258301
2004-03-24,297.78786595662433
2004-03-25,298.0833269755046
2004-03-26,298.21263122558594
2004-03-27,298.03330675760907
2004-03-28,297.9628715515137
2004-03-29,298.4515965779622
2004-03-30,299.2014643351237
2004-03-31,299.24244626363117
2004-04-01,299.36089452107746
2004-04-02,299.5229206085205
2004-04-03,299.904057820638
2004-04-04,299.9063943227132
2004-04-05,299.76705169677734
2004-04-06,298.57272148132324
2004-04-07,298.54588826497394
2004-04-08,299.36012776692706
2004-04-09,299.9800942738851
2004-04-10,299.4508584340413
2004-04-11,299.64792887369794
2004-04-12,299.7725264231364
2004-04-13,298.3643213907878
2004-04-14,299.20340792338055
2004-04-15,299.63808886210126
2004-04-16,299.76203536987305
2004-04-17,299.39682896931964
2004-04-18,299.33826700846356
2004-04-19,299.1521574656169
2004-04-20,299.07645416259766
2004-04-21,299.2348690032959
2004-04-22,299.1248353322347
2004-04-23,298.48334376017254
2004-04-24,297.9016304016113
2004-04-25,297.54155985514325
2004-04-26,297.8696581522624
2004-04-27,298.1195653279622
2004-04-28,299.46057828267413
2004-04-29,299.37873967488605
2004-04-30,300.0447343190511
2004-05-01,300.27195676167804
2004-05-02,299.3169453938802
2004-05-03,298.8099842071533
2004-05-04,299.0585657755534
2004-05-05,298.4077428181966
2004-05-06,298.8726889292399
2004-05-07,299.06031036376953
2004-05-08,299.0745684305827
2004-05-09,299.71474202473956
2004-05-10,299.83595593770343
2004-05-11,300.1420129140218
2004-05-12,300.21887906392413
2004-05-13,300.21861775716144
2004-05-14,300.4426898956299
2004-05-15,300.5119406382243
2004-05-16,300.62984975179035
2004-05-17,300.6127414703369
2004-05-18,300.4493007659912
2004-05-19,300.24533526102704
2004-05-20,300.1786085764567
2004-05-21,299.62510681152344
2004-05-22,299.1701838175456
2004-05-23,299.2560354868571
2004-05-24,299.54147974650067
2004-05-25,299.4066791534424
2004-05-26,300.13327916463214
2004-05-27,300.39807828267413
2004-05-28,299.9465026855469
2004-05-29,299.30576006571454
2004-05-30,299.1824531555176
2004-05-31,298.68505732218426
2004-06-01,298.73027992248535
2004-06-02,299.2412700653076
2004-06-03,299.4859250386556
2004-06-04,299.6901213328044
2004-06-05,299.56447410583496
2004-06-06,299.5474802652995
2004-06-07,299.5480613708496
2004-06-08,299.5576941172282
2004-06-09,299.5252393086751
2004-06-10,299.3781045277913
2004-06-11,299.51923179626465
2004-06-12,299.4237588246663
2004-06-13,299.50735664367676
2004-06-14,299.04251925150555
2004-06-15,298.8239943186442
2004-06-16,298.6656138102214
2004-06-17,299.1395142873128
2004-06-18,299.1808490753174
2004-06-19,298.83442942301434
2004-06-20,298.9293924967448
2004-06-21,299.12841669718426
2004-06-22,299.0484561920166
2004-06-23,299.13465118408203
2004-06-24,299.82745869954425
2004-06-25,299.4544054667155
2004-06-26,299.5417760213216
2004-06-27,299.165470123291
2004-06-28,298.9883270263672
2004-06-29,299.1884536743164
2004-06-30,299.4073003133138
2004-07-01,298.7985331217448
2004-07-02,298.77358690897626
2004-07-03,298.6618398030599
2004-07-04,298.80776087443036
2004-07-05,299.22886657714844
2004-07-06,299.45922088623047
2004-07-07,299.32276344299316
2004-07-08,298.6791343688965
2004-07-09,298.44735781351727
2004-07-10,299.10652923583984
2004-07-11,299.2778905232747
2004-07-12,299.03869819641113
2004-07-13,299.47017733256024
2004-07-14,299.42204093933105
2004-07-15,298.6680367787679
2004-07-16,299.2098140716553
2004-07-17,298.5674165089925
2004-07-18,297.95435269673663
2004-07-19,298.1174799601237
2004-07-20,298.7279580434163
2004-07-21,298.91028722127277
2004-07-22,298.5145626068115
2004-07-23,298.5298544565837
2004-07-24,299.091516494751
2004-07-25,299.54125595092773
2004-07-26,299.71558634440106
2004-07-27,299.3390407562256
2004-07-28,299.4631989796956
2004-07-29,299.56105550130206
2004-07-30,299.37423769632977
2004-07-31,299.4606335957845
2004-08-01,299.9172840118408
2004-08-02,299.6907533009847
2004-08-03,299.6541570027669
2004-08-04,299.52706972757977
2004-08-05,299.49006907145184
2004-08-06,299.2556381225586
2004-08-07,298.67252286275226
2004-08-08,299.00451532999676
2004-08-09,299.6405792236328
2004-08-10,299.2626730600993
2004-08-11,298.7977104187012
2004-08-12,299.01476923624676
2004-08-13,299.1746571858724
2004-08-14,299.31726392110187
2004-08-15,299.4348793029785
2004-08-16,299.6633243560791
2004-08-17,300.0636952718099
2004-08-18,299.8475062052409
2004-08-19,299.7955430348714
2004-08-20,299.6077353159587
2004-08-21,299.64552052815753
2004-08-22,299.4972743988037
2004-08-23,299.646292368571
2004-08-24,299.89016914367676
2004-08-25,299.75676282246906
2004-08-26,299.7808100382487
2004-08-27,299.95824495951337
2004-08-28,299.8538646697998
2004-08-29,299.6953125
2004-08-30,300.09640312194824
2004-08-31,300.0154679616292
2004-09-01,299.94632085164386
2004-09-02,300.04858779907227
2004-09-03,300.1814549763997
2004-09-04,300.1485087076823
2004-09-05,300.1441122690837
2004-09-06,300.35015360514325
2004-09-07,300.3733317057292
2004-09-08,300.24541091918945
2004-09-09,300.3252894083659
2004-09-10,300.37839380900067
2004-09-11,300.6237424214681
2004-09-12,300.01269340515137
2004-09-13,299.75528653462726
2004-09-14,300.0444450378418
2004-09-15,300.6357282002767
2004-09-16,300.5308081309001
2004-09-17,300.4349021911621
2004-09-18,300.4101734161377
2004-09-19,300.43020311991376
2004-09-20,300.8517551422119
2004-09-21,300.92184511820477
2004-09-22,300.7544345855713
2004-09-23,300.43829409281415
2004-09-24,300.31401507059735
2004-09-25,300.18910725911456
2004-09-26,300.4170436859131
2004-09-27,300.56002108256024
2004-09-28,300.53476333618164
2004-09-29,300.36167589823407
2004-09-30,300.3126983642578
2004-10-01,300.39123789469403
2004-10-02,300.5028591156006
2004-10-03,300.58901532491046
2004-10-04,300.45815658569336
2004-10-05,300.23411496480304
2004-10-06,300.7736072540283
2004-10-07,300.52431805928546
2004-10-08,300.69505882263184
2004-10-09,300.9929676055908
2004-10-10,301.35279591878253
2004-10-11,301.4813524881999
2004-10-12,301.2395324707031
2004-10-13,301.0920473734538
2004-10-14,301.1286977132161
2004-10-15,301.28661982218426
2004-10-16,301.03175417582196
2004-10-17,301.0501480102539
2004-10-18,301.13939539591473
2004-10-19,301.0940793355306
2004-10-20,301.0054537455241
2004-10-21,301.25064341227215
2004-10-22,301.0658715565999
2004-10-23,300.704537709554
2004-10-24,300.3056170145671
2004-10-25,300.9049835205078
2004-10-26,300.7269115447998
2004-10-27,300.4688784281413
2004-10-28,300.73437182108563
2004-10-29,300.6879762013753
2004-10-30,300.87673505147296
2004-10-31,300.44035148620605
2004-11-01,300.6543394724528
2004-11-02,300.6815821329753
2004-11-03,300.64730072021484
2004-11-04,301.04101880391437
2004-11-05,301.1652011871338
2004-11-06,300.67742347717285
2004-11-07,300.8058916727702
2004-11-08,300.69030316670734
2004-11-09,300.54405148824054
2004-11-10,300.9171772003174
2004-11-11,300.8508720397949
2004-11-12,301.45236523946124
2004-11-13,301.3850269317627
2004-11-14,301.2281030019124
2004-11-15,300.74307187398273
2004-11-16,300.7478612263997
2004-11-17,300.85279019673663
2004-11-18,301.3573735555013
2004-11-19,301.02783966064453
2004-11-20,301.0079485575358
2004-11-21,300.67250378926593
2004-11-22,301.36086018880206
2004-11-23,301.47306569417316
2004-11-24,301.34435780843097
2004-11-25,301.1556619008382
2004-11-26,301.04919624328613
2004-11-27,301.25502586364746
2004-11-28,301.43239911397296
2004-11-29,301.8561255137126
2004-11-30,301.69995880126953
2004-12-01,301.2400773366292
2004-12-02,301.0454495747884
2004-12-03,300.96742884318036
2004-12-04,301.3222910563151
2004-12-05,301.3336925506592
2004-12-06,301.0111827850342
2004-12-07,300.93175570170087
2004-12-08,301.0169798533122
2004-12-09,301.26574325561523
2004-12-10,301.1155840555827
2004-12-11,301.15772501627606
2004-12-12,301.18506876627606
2004-12-13,300.94862874348956
2004-12-14,301.3861306508382
2004-12-15,301.7051830291748
2004-12-16,301.25756072998047
2004-12-17,301.23114522298175
2004-12-18,301.28112665812176
2004-12-19,300.5852642059326
2004-12-20,300.47641626993817
2004-12-21,301.06561279296875
2004-12-22,300.9450937906901
2004-12-23,300.10037930806476
2004-12-24,299.3543122609456
2004-12-25,300.7700595855713
2004-12-26,300.72328694661456
2004-12-27,300.3366463979085
2004-12-28,298.5480651855469
2004-12-29,299.7495600382487
2004-12-30,300.6211128234863
2004-12-31,300.9952475229899
2005-01-01,300.6874001820882
2005-01-02,301.15510241190594
2005-01-03,301.0231177012126
2005-01-04,300.8479709625244
2005-01-05,300.95355224609375
2005-01-06,301.2530765533447
2005-01-07,301.3729667663574
2005-01-08,300.894048055013
2005-01-09,301.18615913391113
2005-01-10,300.6211675008138
2005-01-11,300.80689430236816
2005-01-12,301.0771306355794
2005-01-13,300.4969946543376
2005-01-14,300.4199358622233
2005-01-15,300.44970512390137
2005-01-16,300.1867046356201
2005-01-17,299.9643128712972
2005-01-18,299.7059218088786
2005-01-19,298.6261183420817
2005-01-20,300.38194847106934
2005-01-21,299.93004989624023
2005-01-22,299.0160376230876
2005-01-23,299.0407428741455
2005-01-24,299.1067314147949
2005-01-25,299.37736956278485
2005-01-26,299.6926352183024
2005-01-27,299.5954990386963
2005-01-28,300.34874788920087
2005-01-29,300.16160074869794
2005-01-30,300.06511370340985
2005-01-31,300.06274032592773
2005-02-01,299.83502197265625
2005-02-02,299.58504931132
2005-02-03,299.6800346374512
2005-02-04,298.80789375305176
2005-02-05,298.38245900472003
2005-02-06,299.53969701131183
2005-02-07,299.8580271402995
2005-02-08,300.00430488586426
2005-02-09,300.43249384562176
2005-02-10,300.4567699432373
2005-02-11,300.12129465738934
2005-02-12,299.73959414164227
2005-02-13,298.93992551167804
2005-02-14,298.5767771402995
2005-02-15,298.8060181935628
2005-02-16,298.988338470459
2005-02-17,298.62478574117023
2005-02-18,298.5408795674642
2005-02-19,299.5869280497233
2005-02-20,299.45373407999676
2005-02-21,299.13993644714355
2005-02-22,298.8229414621989
2005-02-23,298.9421914418538
2005-02-24,299.4268601735433
2005-02-25,299.39490763346356
2005-02-26,299.68421999613446
2005-02-27,299.3435974121094
2005-02-28,299.13814481099445
2005-03-01,299.0421911875407
2005-03-02,299.5284735361735
2005-03-03,299.43687693277997
2005-03-04,299.1511707305908
2005-03-05,299.45457649230957
2005-03-06,300.4578164418538
2005-03-07,300.6650098164876
2005-03-08,299.7624225616455
2005-03-09,299.32362429300946
2005-03-10,299.4902337392171
2005-03-11,300.1158695220947
2005-03-12,299.3724136352539
2005-03-13,299.04416211446124
2005-03-14,298.2533499399821
2005-03-15,298.29407628377277
2005-03-16,299.52325948079425
2005-03-17,300.10841878255206
2005-03-18,299.68723424275714
2005-03-19,297.8985169728597
2005-03-20,299.0318857828776
2005-03-21,298.845645904541
2005-03-22,298.30557505289715
2005-03-23,298.41256014506024
2005-03-24,298.12911860148114
2005-03-25,297.9781786600749
2005-03-26,298.5096244812012
2005-03-27,298.2158597310384
2005-03-28,298.3736464182536
2005-03-29,298.9540589650472
2005-03-30,298.60911242167157
2005-03-31,298.4855899810791
2005-04-01,298.38296127319336
2005-04-02,299.0621738433838
2005-04-03,298.9507700602214
2005-04-04,299.73920758565265
2005-04-05,299.07374000549316
2005-04-06,298.6835295359294
2005-04-07,299.0172831217448
2005-04-08,299.3332169850667
2005-04-09,298.35351308186847
2005-04-10,298.95667394002277
2005-04-11,298.7710870107015
2005-04-12,299.1780465443929
2005-04-13,299.4280815124512
2005-04-14,298.411091486613
2005-04-15,299.3768145243327
2005-04-16,298.82721455891925
2005-04-17,299.63721021016437
2005-04-18,299.9371808369954
2005-04-19,299.74754842122394
2005-04-20,299.4086405436198
2005-04-21,298.7255776723226
2005-04-22,299.3187567392985
2005-04-23,298.95573870340985
2005-04-24,298.8505395253499
2005-04-25,298.9867451985677
2005-04-26,300.0172182718913
2005-04-27,299.42012151082355
2005-04-28,298.91071128845215
2005-04-29,298.8350582122803
2005-04-30,298.90722846984863
2005-05-01,298.9543291727702
2005-05-02,299.20586013793945
2005-05-03,299.3809076944987
2005-05-04,299.32133801778156
2005-05-05,299.0938078562419
2005-05-06,299.15948994954425
2005-05-07,299.0914134979248
2005-05-08,298.82613881429035
2005-05-09,299.2991231282552
2005-05-10,299.4956741333008
2005-05-11,299.7138080596924
2005-05-12,299.642292658488
2005-05-13,300.0056571960449
2005-05-14,299.84317207336426
2005-05-15,299.4122823079427
2005-05-16,299.770263671875
2005-05-17,299.64516003926593
2005-05-18,298.836394627889
2005-05-19,298.59370676676434
2005-05-20,298.2205746968587
2005-05-21,298.8764362335205
2005-05-22,298.96602567036945
2005-05-23,298.9147472381592
2005-05-24,298.76854197184247
2005-05-25,298.95433807373047
2005-05-26,298.83149846394855
2005-05-27,299.3390890757243
2005-05-28,299.4315948486328
2005-05-29,298.93214352925617
2005-05-30,298.8764165242513
2005-05-31,298.8335158030192
2005-06-01,298.7344347635905
2005-06-02,299.27533531188965
2005-06-03,298.8947575887044
2005-06-04,299.54213523864746
2005-06-05,299.7925497690837
2005-06-06,299.14002227783203
2005-06-07,298.9967746734619
2005-06-08,299.2252998352051
2005-06-09,299.3948694864909
2005-06-10,299.4627094268799
2005-06-11,299.8593209584554
2005-06-12,300.0494899749756
2005-06-13,299.7247200012207
2005-06-14,299.6780948638916
2005-06-15,300.2389793395996
2005-06-16,300.142827351888
2005-06-17,299.5250078837077
2005-06-18,299.82634290059406
2005-06-19,300.02157465616864
2005-06-20,300.05831209818524
2005-06-21,300.0954583485921
2005-06-22,299.86534881591797
2005-06-23,299.6192111968994
2005-06-24,299.50360679626465
2005-06-25,299.44448534647626
2005-06-26,299.14870262145996
2005-06-27,299.86252276102704
2005-06-28,300.15800285339355
2005-06-29,300.49764188130695
2005-06-30,300.2741050720215
2005-07-01,299.53958956400555
2005-07-02,299.30347379048663
2005-07-03,299.40122350056964
2005-07-04,299.49368985493976
2005-07-05,298.5481548309326
2005-07-06,299.4778633117676
2005-07-07,299.49842770894367
2005-07-08,298.6223030090332
2005-07-09,298.7088540395101
2005-07-10,298.98851076761883
2005-07-11,299.5718224843343
2005-07-12,300.04474957784015
2005-07-13,299.5019645690918
2005-07-14,299.6433455149333
2005-07-15,300.0968831380208
2005-07-16,300.12192726135254
2005-07-17,300.1608638763428
2005-07-18,300.24396832784015
2005-07-19,300.22572072347003
2005-07-20,300.2025890350342
2005-07-21,300.051996866862
2005-07-22,300.11783599853516
2005-07-23,300.7934392293294
2005-07-24,300.37107340494794
2005-07-25,300.3288180033366
2005-07-26,300.426087697347
2005-07-27,300.4975007375081
2005-07-28,300.2180856068929
2005-07-29,300.45665613810223
2005-07-30,300.75589688618976
2005-07-31,300.6901264190674
2005-08-01,300.65527534484863
2005-08-02,301.1352532704671
2005-08-03,301.14429982503253
2005-08-04,301.11768531799316
2005-08-05,301.1413491566976
2005-08-06,301.1177177429199
2005-08-07,301.35328674316406
2005-08-08,300.84628931681317
2005-08-09,300.6873970031738
2005-08-10,300.35398864746094
2005-08-11,300.23927116394043
2005-08-12,300.213228225708
2005-08-13,300.12476348876953
2005-08-14,299.93048667907715
2005-08-15,299.8888339996338
2005-08-16,300.2185707092285
2005-08-17,300.0845769246419
2005-08-18,300.25731531778973
2005-08-19,300.7733796437581
2005-08-20,300.70770263671875
2005-08-21,300.39868927001953
2005-08-22,300.6443748474121
2005-08-23,300.5471731821696
2005-08-24,300.42065238952637
2005-08-25,300.31392033894855
2005-08-26,300.57251421610516
2005-08-27,300.19103876749676
2005-08-28,299.8167603810628
2005-08-29,300.237101872762
2005-08-30,300.31294949849445
2005-08-31,300.7068239847819
2005-09-01,300.9183514912923
2005-09-02,300.89597447713214
2005-09-03,300.69963391621906
2005-09-04,300.71917152404785
2005-09-05,300.84087053934735
2005-09-06,300.71867752075195
2005-09-07,300.7939345041911
2005-09-08,300.9262866973877
2005-09-09,300.8891970316569
2005-09-10,300.8423334757487
2005-09-11,301.2757377624512
2005-09-12,300.87728055318195
2005-09-13,300.9607798258464
2005-09-14,300.75757280985516
2005-09-15,300.77827135721844
2005-09-16,300.8076597849528
2005-09-17,301.00671577453613
2005-09-18,301.2156734466553
2005-09-19,301.5789731343587
2005-09-20,301.05698013305664
2005-09-21,300.87034797668457
2005-09-22,300.9947287241618
2005-09-23,301.2243906656901
2005-09-24,301.2863534291585
2005-09-25,301.44707171122235
2005-09-26,301.3887112935384
2005-09-27,301.5726197560628
2005-09-28,301.36203320821124
2005-09-29,301.1438236236572
2005-09-30,301.1902249654134
2005-10-01,301.68945439656574
2005-10-02,301.8155746459961
2005-10-03,301.9609235127767
2005-10-04,301.85247230529785
2005-10-05,301.6841456095378
2005-10-06,300.83521207173663
2005-10-07,301.0773448944092
2005-10-08,301.8184649149577
2005-10-09,300.7717819213867
2005-10-10,300.4147307078044
2005-10-11,300.2732467651367
2005-10-12,300.2538433074951
2005-10-13,300.8867581685384
2005-10-14,301.13428433736163
2005-10-15,301.2693583170573
2005-10-16,301.183635075887
2005-10-17,300.94445546468097
2005-10-18,300.97688547770184
2005-10-19,300.99013074239093
2005-10-20,300.96462631225586
2005-10-21,300.7108497619629
2005-10-22,300.8548704783122
2005-10-23,301.1337413787842
2005-10-24,300.80431111653644
2005-10-25,301.05142148335773
2005-10-26,301.2456277211507
2005-10-27,301.16462326049805
2005-10-28,301.394245783488
2005-10-29,301.54159863789874
2005-10-30,301.1204643249512
2005-10-31,301.318120320638
2005-11-01,301.5253562927246
2005-11-02,301.491263071696
2005-11-03,301.2089157104492
2005-11-04,301.2848924001058
2005-11-05,301.4987150828044
2005-11-06,301.57242584228516
2005-11-07,301.3948612213135
2005-11-08,301.6020698547363
2005-11-09,301.4816131591797
2005-11-10,301.3442783355713
2005-11-11,301.21778297424316
2005-11-12,301.60461552937824
2005-11-13,301.6753279368083
2005-11-14,301.19578552246094
2005-11-15,301.7162392934163
2005-11-16,301.4209982554118
2005-11-17,301.19195048014325
2005-11-18,301.68691635131836
2005-11-19,301.50189844767254
2005-11-20,301.5150852203369
2005-11-21,301.64167912801105
2005-11-22,301.22240257263184
2005-11-23,301.1524550120036
2005-11-24,301.140199025472
2005-11-25,301.01491292317706
2005-11-26,301.11972427368164
2005-11-27,300.66094462076825
2005-11-28,301.02460225423175
2005-11-29,302.2628453572591
2005-11-30,301.39174524943036
2005-12-01,300.91515413920087
2005-12-02,300.52156766255695
2005-12-03,300.04749870300293
2005-12-04,300.27162233988446
2005-12-05,299.9873898824056
2005-12-06,299.6707884470622
2005-12-07,299.6412874857585
2005-12-08,300.20082600911456
2005-12-09,299.6597073872884
2005-12-10,299.92397054036456
2005-12-11,300.58152961730957
2005-12-12,300.6554317474365
2005-12-13,300.7693125406901
2005-12-14,300.18078931172687
2005-12-15,299.74005126953125
2005-12-16,300.7102794647217
2005-12-17,300.3923002878825
2005-12-18,299.7136631011963
2005-12-19,298.98543485005695
2005-12-20,299.31490834554035
2005-12-21,298.9070962270101
2005-12-22,298.73903783162433
2005-12-23,298.86360359191895
2005-12-24,299.0714823404948
2005-12-25,298.7849985758464
2005-12-26,299.87822850545246
2005-12-27,299.5507386525472
2005-12-28,298.1327419281006
2005-12-29,297.736608505249
2005-12-30,298.86087799072266
2005-12-31,299.58580080668133
2006-01-01,298.17382431030273
2006-01-02,298.9247245788574
2006-01-03,299.24757130940753
2006-01-04,298.77323786417645
2006-01-05,298.86220359802246
2006-01-06,298.9137312571208
2006-01-07,298.918394724528
2006-01-08,298.8800735473633
2006-01-09,297.5306803385417
2006-01-10,298.5855598449707
2006-01-11,298.8105049133301
2006-01-12,299.21470069885254
2006-01-13,300.1005160013835
2006-01-14,299.7243658701579
2006-01-15,299.75256156921387
2006-01-16,299.8032754262288
2006-01-17,299.0460948944092
2006-01-18,298.42738660176593
2006-01-19,298.1829039255778
2006-01-20,297.42770449320477
2006-01-21,298.7836004892985
2006-01-22,299.31612332661945
2006-01-23,299.8430595397949
2006-01-24,299.9897321065267
2006-01-25,300.2817897796631
2006-01-26,300.2800286610921
2006-01-27,300.5835660298665
2006-01-28,300.50999959309894
2006-01-29,300.0405731201172
2006-01-30,299.70155080159503
2006-01-31,299.98129018147785
2006-02-01,300.02410316467285
2006-02-02,300.44826380411786
2006-02-03,299.7146479288737
2006-02-04,299.3249791463216
2006-02-05,299.01044909159344
2006-02-06,298.41512235005695
2006-02-07,299.0896631876628
2006-02-08,299.6357930501302
2006-02-09,299.9489453633626
2006-02-10,299.87208620707196
2006-02-11,299.10086313883465
2006-02-12,298.1302185058594
2006-02-13,298.2493203481038
2006-02-14,298.09519640604657
2006-02-15,298.88084348042804
2006-02-16,298.8437105814616
2006-02-17,298.5819848378499
2006-02-18,298.57103538513184
2006-02-19,299.1597372690837
2006-02-20,299.6344757080078
2006-02-21,298.92489306132
2006-02-22,298.68517748514813
2006-02-23,298.891570409139
2006-02-24,299.1190592447917
2006-02-25,299.3741811116536
2006-02-26,298.7848205566406
2006-02-27,298.9432023366292
2006-02-28,298.52255884806317
2006-03-01,298.51495997111004
2006-03-02,297.84184074401855
2006-03-03,297.24961217244464
2006-03-04,297.66845258076984
2006-03-05,298.2802308400472
2006-03-06,298.5300407409668
2006-03-07,299.33566157023114
2006-03-08,298.67370859781903
2006-03-09,298.570587793986
2006-03-10,298.5609531402588
2006-03-11,298.83018557230633
2006-03-12,299.4530512491862
2006-03-13,298.2207139333089
2006-03-14,298.1359583536784
2006-03-15,298.29308827718097
2006-03-16,298.9815088907878
2006-03-17,298.96816698710126
2006-03-18,298.6192035675049
2006-03-19,298.92870330810547
2006-03-20,299.5686715443929
2006-03-21,299.36488914489746
2006-03-22,298.5533084869385
2006-03-23,298.52936871846515
2006-03-24,297.90100415547687
2006-03-25,298.26541964213055
2006-03-26,297.9516906738281
2006-03-27,298.21592903137207
2006-03-28,298.5408356984456
2006-03-29,297.89702733357746
2006-03-30,297.71771303812665
2006-03-31,297.41929562886554
2006-04-01,297.6598472595215
2006-04-02,298.09403800964355
2006-04-03,298.68824259440106
2006-04-04,298.3447068532308
2006-04-05,298.51765569051105
2006-04-06,298.2704251607259
2006-04-07,298.03940709431964
2006-04-08,297.8098551432292
2006-04-09,298.7376791636149
2006-04-10,299.0057729085286
2006-04-11,298.3648325602214
2006-04-12,297.7973442077637
2006-04-13,298.6092611948649
2006-04-14,299.3403778076172
2006-04-15,299.1879170735677
2006-04-16,298.19850158691406
2006-04-17,297.56627400716144
2006-04-18,298.35446802775067
2006-04-19,298.8702163696289
2006-04-20,298.4802729288737
2006-04-21,297.69494311014813
2006-04-22,297.7984339396159
2006-04-23,297.9674936930339
2006-04-24,298.27002207438153
2006-04-25,297.9841785430908
2006-04-26,298.2349745432536
2006-04-27,298.57716306050617
2006-04-28,298.72020594278973
2006-04-29,297.8387972513835
2006-04-30,297.6578483581543
2006-05-01,298.7631301879883
2006-05-02,299.405720392863
2006-05-03,299.3922430674235
2006-05-04,298.92620913187665
2006-05-05,298.63441975911456
2006-05-06,298.4223880767822
2006-05-07,297.6795590718587
2006-05-08,298.01999282836914
2006-05-09,298.459966023763
2006-05-10,298.61194801330566
2006-05-11,297.4545090993245
2006-05-12,298.16857782999676
2006-05-13,299.11533037821454
2006-05-14,299.56468772888184
2006-05-15,299.2147102355957
2006-05-16,298.8250306447347
2006-05-17,298.5421447753906
2006-05-18,298.46528244018555
2006-05-19,298.13505299886066
2006-05-20,297.0132179260254
2006-05-21,298.29511133829754
2006-05-22,298.5205593109131
2006-05-23,298.7553354899089
2006-05-24,298.19555409749347
2006-05-25,298.8018798828125
2006-05-26,298.5973593393962
2006-05-27,299.07372792561847
2006-05-28,299.0266761779785
2006-05-29,298.76770146687824
2006-05-30,298.9408041636149
2006-05-31,298.65711784362793
2006-06-01,299.80917421976727
2006-06-02,299.927001953125
2006-06-03,299.6780128479004
2006-06-04,300.4075241088867
2006-06-05,299.0474026997884
2006-06-06,298.69473457336426
2006-06-07,299.0613600413005
2006-06-08,299.3487955729167
2006-06-09,299.15574709574383
2006-06-10,298.78874588012695
2006-06-11,298.50941212972003
2006-06-12,298.2517801920573
2006-06-13,298.98044776916504
2006-06-14,298.254243850708
2006-06-15,298.9404722849528
2006-06-16,298.3249994913737
2006-06-17,298.6325906117757
2006-06-18,299.02086448669434
2006-06-19,299.3919162750244
2006-06-20,299.8198420206706
2006-06-21,299.83871905008954
2006-06-22,299.91473325093585
2006-06-23,299.33386357625324
2006-06-24,299.188772837321
2006-06-25,299.84949111938477
2006-06-26,299.28446133931476
2006-06-27,299.54211680094403
2006-06-28,299.4554163614909
2006-06-29,299.44446563720703
2006-06-30,299.2875099182129
2006-07-01,299.35450490315753
2006-07-02,299.91813532511395
2006-07-03,299.44820912679035
2006-07-04,298.92163976033527
2006-07-05,299.5763994852702
2006-07-06,299.80619049072266
2006-07-07,299.65892664591473
2006-07-08,299.7060260772705
2006-07-09,299.8829803466797
2006-07-10,300.24879391988117
2006-07-11,299.6941744486491
2006-07-12,299.4504903157552
2006-07-13,299.81869951883954
2006-07-14,300.1984221140544
2006-07-15,300.6682548522949
2006-07-16,300.124574025472
2006-07-17,299.8332042694092
2006-07-18,299.6751874287923
2006-07-19,299.30667241414386
2006-07-20,299.4547640482585
2006-07-21,299.87016105651855
2006-07-22,299.3942877451579
2006-07-23,299.5852921803792
2006-07-24,299.7943394978841
2006-07-25,299.97122891743976
2006-07-26,299.8936316172282
2006-07-27,299.7738501230876
2006-07-28,299.5281632741292
2006-07-29,299.5293725331624
2006-07-30,299.3781483968099
2006-07-31,299.67870775858563
2006-08-01,299.2939910888672
2006-08-02,299.2177791595459
2006-08-03,299.55455780029297
2006-08-04,299.56629753112793
2006-08-05,300.2663167317708
2006-08-06,300.4734751383464
2006-08-07,300.6793963114421
2006-08-08,300.6679147084554
2006-08-09,300.36227862040204
2006-08-10,300.31261189778644
2006-08-11,300.11670303344727
2006-08-12,300.4658800760905
2006-08-13,300.8351656595866
2006-08-14,300.51912689208984
2006-08-15,300.6021982828776
2006-08-16,300.4326032002767
2006-08-17,300.31392033894855
2006-08-18,300.1541105906169
2006-08-19,299.7729555765788
2006-08-20,300.32553990681964
2006-08-21,300.2768745422363
2006-08-22,300.6480077107747
2006-08-23,300.3472023010254
2006-08-24,300.4392859141032
2006-08-25,300.31685002644855
2006-08-26,300.2434202829997
2006-08-27,300.4828071594238
2006-08-28,300.6808687845866
2006-08-29,300.39668401082355
2006-08-30,300.35601870218915
2006-08-31,300.56325085957843
2006-09-01,300.3465105692546
2006-09-02,300.5709857940674
2006-09-03,300.8921375274658
2006-09-04,301.17722447713214
2006-09-05,301.205467859904
2006-09-06,300.9831199645996
2006-09-07,300.5485674540202
2006-09-08,300.2370141347249
2006-09-09,300.5196673075358
2006-09-10,300.7853775024414
2006-09-11,301.22502454121906
2006-09-12,301.2884267171224
2006-09-13,300.54792912801105
2006-09-14,300.2455590565999
2006-09-15,300.6957810719808
2006-09-16,301.1140562693278
2006-09-17,301.12332916259766
2006-09-18,300.66611035664874
2006-09-19,300.7401345570882
2006-09-20,300.8898073832194
2006-09-21,300.54554176330566
2006-09-22,301.1003354390462
2006-09-23,300.8738619486491
2006-09-24,301.0880889892578
2006-09-25,300.9211730957031
2006-09-26,300.96673520406085
2006-09-27,300.49346415201825
2006-09-28,300.3356335957845
2006-09-29,300.5619379679362
2006-09-30,300.7224521636963
2006-10-01,300.8120473225911
2006-10-02,300.70981725056964
2006-10-03,300.8687686920166
2006-10-04,301.01562182108563
2006-10-05,300.79167048136395
2006-10-06,301.01674461364746
2006-10-07,301.91490809122723
2006-10-08,301.31518745422363
2006-10-09,301.7336966196696
2006-10-10,301.3390261332194
2006-10-11,301.3888804117839
2006-10-12,301.13397153218585
2006-10-13,301.1681486765544
2006-10-14,301.2406768798828
2006-10-15,301.0860703786214
2006-10-16,301.21499570210773
2006-10-17,301.66553751627606
2006-10-18,301.0772177378337
2006-10-19,301.3708190917969
2006-10-20,301.4682019551595
2006-10-21,301.2937437693278
2006-10-22,301.339838663737
2006-10-23,301.4912509918213
2006-10-24,301.29454040527344
2006-10-25,301.400094350179
2006-10-26,300.9574330647786
2006-10-27,301.29223759969074
2006-10-28,301.4200846354167
2006-10-29,301.41521644592285
2006-10-30,301.0043176015218
2006-10-31,301.6292260487874
2006-11-01,301.919127146403
2006-11-02,301.66572825113934
2006-11-03,300.98265584309894
2006-11-04,301.16678619384766
2006-11-05,301.4338518778483
2006-11-06,301.45638275146484
2006-11-07,301.81409009297687
2006-11-08,301.106019337972
2006-11-09,301.4322452545166
2006-11-10,301.18500900268555
2006-11-11,301.0950635274251
2006-11-12,301.79429817199707
2006-11-13,300.7177613576253
2006-11-14,300.2927837371826
2006-11-15,300.78577105204266
2006-11-16,300.76729583740234
2006-11-17,299.9248530069987
2006-11-18,299.3162314097087
2006-11-19,299.8865801493327
2006-11-20,299.7973492940267
2006-11-21,299.76428413391113
2006-11-22,300.31237030029297
2006-11-23,300.31300926208496
2006-11-24,300.81002616882324
2006-11-25,301.0171604156494
2006-11-26,301.1382834116618
2006-11-27,300.91630363464355
2006-11-28,301.17066192626953
2006-11-29,301.1994152069092
2006-11-30,301.3094679514567
2006-12-01,301.0488529205322
2006-12-02,301.06598409016925
2006-12-03,301.0484142303467
2006-12-04,300.83756764729816
2006-12-05,301.2315095265706
2006-12-06,301.15287081400555
2006-12-07,301.42574246724445
2006-12-08,300.939910252889
2006-12-09,300.8713143666585
2006-12-10,301.1998742421468
2006-12-11,300.36362902323407
2006-12-12,300.1439959208171
2006-12-13,300.35120073954266
2006-12-14,301.0483481089274
2006-12-15,300.0743211110433
2006-12-16,299.39491271972656
2006-12-17,300.33801714579266
2006-12-18,300.37730407714844
2006-12-19,300.2911485036214
2006-12-20,300.75420633951825
2006-12-21,301.1231282552083
2006-12-22,301.00368881225586
2006-12-23,300.86584599812824
2006-12-24,299.79273223876953
2006-12-25,299.50890986124676
2006-12-26,299.4726848602295
2006-12-27,299.6361446380615
2006-12-28,300.6492436726888
2006-12-29,300.307274500529
2006-12-30,299.93108558654785
2006-12-31,299.5246047973633
2007-01-01,299.66088740030926
2007-01-02,299.8306827545166
2007-01-03,299.5787645975749
2007-01-04,299.60686747233075
2007-01-05,300.44679768880206
2007-01-06,300.3399709065755
2007-01-07,300.1873416900635
2007-01-08,300.2741120656331
2007-01-09,299.5900109608968
2007-01-10,299.0422306060791
2007-01-11,299.2911186218262
2007-01-12,299.4589303334554
2007-01-13,299.35141626993817
2007-01-14,299.980988184611
2007-01-15,300.29887135823566
2007-01-16,300.4725462595622
2007-01-17,300.6488291422526
2007-01-18,300.592737197876
2007-01-19,299.98767789204913
2007-01-20,300.52598635355633
2007-01-21,300.6122334798177
2007-01-22,300.64501190185547
2007-01-23,300.6388562520345
2007-01-24,300.64686075846356
2007-01-25,300.61617215474445
2007-01-26,300.9158566792806
2007-01-27,300.6472568511963
2007-01-28,300.23168245951337
2007-01-29,300.3006000518799
2007-01-30,300.1647268931071
2007-01-31,299.2083848317464
2007-02-01,299.1239770253499
2007-02-02,298.7326405843099
2007-02-03,299.09953117370605
2007-02-04,299.3169759114583
2007-02-05,298.584805170695
2007-02-06,298.79543622334796
2007-02-07,297.7689317067464
2007-02-08,297.71912956237793
2007-02-09,298.3756987253825
2007-02-10,299.06285158793133
2007-02-11,299.1531702677409
2007-02-12,299.16515350341797
2007-02-13,299.9174067179362
2007-02-14,298.8355318705241
2007-02-15,298.7828121185303
2007-02-16,298.3063456217448
2007-02-17,299.29652214050293
2007-02-18,298.6906153361003
2007-02-19,298.2206001281738
2007-02-20,297.89352480570477
2007-02-21,298.38364537556964
2007-02-22,298.72244389851886
2007-02-23,298.42830721537274
2007-02-24,298.8145160675049
2007-02-25,299.68611844380695
2007-02-26,299.11311531066895
2007-02-27,298.41486676534015
2007-02-28,298.51700655619305
2007-03-01,298.5594024658203
2007-03-02,298.3712685902913
2007-03-03,297.5518328348796
2007-03-04,298.12930425008136
2007-03-05,297.6852792104085
2007-03-06,298.34126536051434
2007-03-07,298.5919443766276
2007-03-08,297.66123326619464
2007-03-09,297.9908561706543
2007-03-10,297.96485328674316
2007-03-11,298.0265000661214
2007-03-12,298.6807689666748
2007-03-13,298.1051425933838
2007-03-14,298.3083610534668
2007-03-15,298.5375448862712
2007-03-16,297.27199427286786
2007-03-17,297.93608538309735
2007-03-18,297.80323155721027
2007-03-19,298.2153263092041
2007-03-20,298.1425431569417
2007-03-21,298.3274180094401
2007-03-22,298.7525068918864
2007-03-23,298.93321164449054
2007-03-24,299.5004488627116
2007-03-25,299.3759295145671
2007-03-26,299.284870783488
2007-03-27,299.15062522888184
2007-03-28,298.2765655517578
2007-03-29,298.45716285705566
2007-03-30,299.1665687561035
2007-03-31,299.5763168334961
2007-04-01,299.36145146687824
2007-04-02,298.92578824361163
2007-04-03,298.6377703348796
2007-04-04,298.7499173482259
2007-04-05,299.0955696105957
2007-04-06,298.9657605489095
2007-04-07,299.4734471638997
2007-04-08,299.44797960917157
2007-04-09,298.8044013977051
2007-04-10,298.70449193318683
2007-04-11,297.9020799001058
2007-04-12,298.1183554331462
2007-04-13,298.5382843017578
2007-04-14,298.9074172973633
2007-04-15,299.02695592244464
2007-04-16,298.785857518514
2007-04-17,298.56398518880206
2007-04-18,298.5183270772298
2007-04-19,298.67059326171875
2007-04-20,298.8315677642822
2007-04-21,298.7293949127197
2007-04-22,298.3341407775879
2007-04-23,298.4619426727295
2007-04-24,298.9561023712158
2007-04-25,299.1108754475911
2007-04-26,298.9049987792969
2007-04-27,298.53939056396484
2007-04-28,298.72264353434247
2007-04-29,298.3128916422526
2007-04-30,298.817808787028
2007-05-01,299.35703531901044
2007-05-02,299.1870346069336
2007-05-03,299.11718050638837
2007-05-04,298.74581972757977
2007-05-05,299.4082616170247
2007-05-06,298.82252311706543
2007-05-07,299.089537302653
2007-05-08,298.897502263387
2007-05-09,298.47393163045246
2007-05-10,299.26456451416016
2007-05-11,300.06578000386554
2007-05-12,300.51038869222003
2007-05-13,299.2255662282308
2007-05-14,299.36285336812335
2007-05-15,299.199982325236
2007-05-16,299.6272888183594
2007-05-17,300.23783111572266
2007-05-18,300.3617630004883
2007-05-19,299.79582532246906
2007-05-20,299.8080202738444
2007-05-21,299.6134440104167
2007-05-22,299.4528923034668
2007-05-23,299.1836732228597
2007-05-24,299.24670791625977
2007-05-25,299.69563484191895
2007-05-26,299.27339426676434
2007-05-27,299.04706891377765
2007-05-28,299.52199109395343
2007-05-29,299.63050651550293
2007-05-30,299.325537999471
2007-05-31,299.35261090596515
2007-06-01,298.7704054514567
2007-06-02,298.90791511535645
2007-06-03,299.7028611501058
2007-06-04,299.73998133341473
2007-06-05,298.8629805246989
2007-06-06,299.5329869588216
2007-06-07,299.4815095265706
2007-06-08,299.4259427388509
2007-06-09,298.92666180928546
2007-06-10,298.8489004770915
2007-06-11,298.92853927612305
2007-06-12,299.103666305542
2007-06-13,299.22899373372394
2007-06-14,298.90928141276044
2007-06-15,298.9629611968994
2007-06-16,299.7987461090088
2007-06-17,300.1507962544759
2007-06-18,299.0758768717448
2007-06-19,299.0653953552246
2007-06-20,299.28006807963055
2007-06-21,299.277779897054
2007-06-22,299.3997866312663
2007-06-23,299.8103879292806
2007-06-24,300.1136697133382
2007-06-25,299.9175141652425
2007-06-26,299.8007342020671
2007-06-27,299.9177417755127
2007-06-28,300.0445499420166
2007-06-29,299.86363983154297
2007-06-30,299.93978945414227
2007-07-01,299.9866638183594
2007-07-02,299.553217569987
2007-07-03,299.1918589274089
2007-07-04,299.1070664723714
2007-07-05,299.4583797454834
2007-07-06,299.3145224253337
2007-07-07,299.7448965708415
2007-07-08,299.6688632965088
2007-07-09,299.8251419067383
2007-07-10,299.07889048258465
2007-07-11,299.1360569000244
2007-07-12,299.2731698354085
2007-07-13,299.0241362253825
2007-07-14,299.12401326497394
2007-07-15,299.22426732381183
2007-07-16,299.2809607187907
2007-07-17,299.70940081278485
2007-07-18,299.7964566548665
2007-07-19,299.83489354451496
2007-07-20,299.7343928019206
2007-07-21,299.6703936258952
2007-07-22,299.4750518798828
2007-07-23,299.6574141184489
2007-07-24,299.4307441711426
2007-07-25,299.4929796854655
2007-07-26,299.67419306437176
2007-07-27,299.861785252889
2007-07-28,300.0008970896403
2007-07-29,299.50354957580566
2007-07-30,298.9315357208252
2007-07-31,300.13382148742676
2007-08-01,300.49743843078613
2007-08-02,300.6659228006999
2007-08-03,300.4595375061035
2007-08-04,300.3574097951253
2007-08-05,299.80291684468585
2007-08-06,299.67204093933105
2007-08-07,300.09128824869794
2007-08-08,300.1542714436849
2007-08-09,299.9625695546468
2007-08-10,300.3727461496989
2007-08-11,300.2605444590251
2007-08-12,300.03215980529785
2007-08-13,300.23786544799805
2007-08-14,300.2181339263916
2007-08-15,300.65253194173175
2007-08-16,301.0320402781169
2007-08-17,301.01853052775067
2007-08-18,300.3562927246094
2007-08-19,300.8765818277995
2007-08-20,301.2082182566325
2007-08-21,300.2062619527181
2007-08-22,299.6237049102783
2007-08-23,299.7121817270915
2007-08-24,300.17869758605957
2007-08-25,299.97424697875977
2007-08-26,299.28720156351727
2007-08-27,299.77700996398926
2007-08-28,300.0176258087158
2007-08-29,300.207000096639
2007-08-30,300.13096555074054
2007-08-31,300.4037691752116
2007-09-01,300.48912302652997
2007-09-02,300.74501546223956
2007-09-03,300.580130259196
2007-09-04,300.319974899292
2007-09-05,300.3193988800049
2007-09-06,300.1488889058431
2007-09-07,299.6341718037923
2007-09-08,300.01101239522296
2007-09-09,300.1080493927002
2007-09-10,300.61088307698566
2007-09-11,300.6309642791748
2007-09-12,301.07663027445477
2007-09-13,301.00206184387207
2007-09-14,300.57886060078937
2007-09-15,300.4220676422119
2007-09-16,300.49580001831055
2007-09-17,299.9614550272624
2007-09-18,299.9241460164388
2007-09-19,300.30688031514484
2007-09-20,300.4767042795817
2007-09-21,300.5693276723226
2007-09-22,300.8183828989665
2007-09-23,300.9280420939128
2007-09-24,300.56671714782715
2007-09-25,300.35083325703937
2007-09-26,300.41967964172363
2007-09-27,300.7379328409831
2007-09-28,301.0330670674642
2007-09-29,300.6909891764323
2007-09-30,300.72903124491376
2007-10-01,300.7746753692627
2007-10-02,300.61277961730957
2007-10-03,300.46344502766925
2007-10-04,300.40228335062665
2007-10-05,300.2446924845378
2007-10-06,300.70362790425617
2007-10-07,300.8204867045085
2007-10-08,300.68088404337567
2007-10-09,300.7251167297363
2007-10-10,300.384973526001
2007-10-11,299.9220199584961
2007-10-12,300.2097345987956
2007-10-13,300.1258538564046
2007-10-14,300.5501232147217
2007-10-15,300.53795433044434
2007-10-16,300.5223731994629
2007-10-17,300.6493606567383
2007-10-18,300.70227432250977
2007-10-19,300.5779272715251
2007-10-20,300.7561734517415
2007-10-21,300.8961772918701
2007-10-22,300.6535002390544
2007-10-23,300.6421724955241
2007-10-24,300.5998242696126
2007-10-25,300.5473569234212
2007-10-26,300.8064416249593
2007-10-27,300.76566823323566
2007-10-28,300.9407215118408
2007-10-29,301.07398986816406
2007-10-30,301.2594788869222
2007-10-31,301.15199597676593
2007-11-01,300.71936480204266
2007-11-02,301.4348882039388
2007-11-03,301.2191562652588
2007-11-04,300.9843807220459
2007-11-05,300.9331226348877
2007-11-06,301.5306650797526
2007-11-07,301.3428262074788
2007-11-08,301.5622024536133
2007-11-09,300.88473320007324
2007-11-10,300.5223744710286
2007-11-11,300.88231658935547
2007-11-12,300.632027943929
2007-11-13,300.5933945973714
2007-11-14,301.0490366617839
2007-11-15,301.42418098449707
2007-11-16,301.20408566792804
2007-11-17,301.3174769083659
2007-11-18,300.86230023701984
2007-11-19,300.5748182932536
2007-11-20,300.666753133138
2007-11-21,300.69966824849445
2007-11-22,301.11299959818524
2007-11-23,300.73741722106934
2007-11-24,300.94799613952637
2007-11-25,300.87156041463214
2007-11-26,300.7975788116455
2007-11-27,299.9494546254476
2007-11-28,300.4487870534261
2007-11-29,300.77875900268555
2007-11-30,300.4550971984863
2007-12-01,300.23127301534015
2007-12-02,300.60043080647785
2007-12-03,300.11577161153156
2007-12-04,300.58149401346844
2007-12-05,300.66786003112793
2007-12-06,300.7688522338867
2007-12-07,300.0937754313151
2007-12-08,299.4342695871989
2007-12-09,299.2690289815267
2007-12-10,300.4038200378418
2007-12-11,300.3170229593913
2007-12-12,300.2937838236491
2007-12-13,299.51772117614746
2007-12-14,299.6267897288005
2007-12-15,299.65139325459796
2007-12-16,299.40843709309894
2007-12-17,299.52225557963055
2007-12-18,299.49662017822266
2007-12-19,299.59912554423016
2007-12-20,300.2097396850586
2007-12-21,300.61381403605145
2007-12-22,300.6198094685872
2007-12-23,300.21399180094403
2007-12-24,300.59542719523114
2007-12-25,300.29651641845703
2007-12-26,300.47335116068524
2007-12-27,299.96562639872235
2007-12-28,299.1331647237142
2007-12-29,298.044469833374
2007-12-30,298.30910364786786
2007-12-31,298.4579340616862
2008-01-01,298.6590582529704
2008-01-02,298.67778396606445
2008-01-03,299.3719202677409
2008-01-04,299.1610844930013
2008-01-05,298.50428009033203
2008-01-06,299.0139280954997
2008-01-07,300.00390370686847
2008-01-08,299.16968536376953
2008-01-09,298.51525751749676
2008-01-10,298.98945808410645
2008-01-11,299.56191635131836
2008-01-12,300.02811431884766
2008-01-13,299.5932814280192
2008-01-14,298.77312660217285
2008-01-15,297.93742752075195
2008-01-16,298.9108409881592
2008-01-17,298.1237093607585
2008-01-18,296.89218012491864
2008-01-19,297.7564633687337
2008-01-20,297.98339398701984
2008-01-21,298.1875794728597
2008-01-22,298.0545190175374
2008-01-23,298.23975308736163
2008-01-24,298.56141599019367
2008-01-25,298.82673899332684
2008-01-26,298.5327548980713
2008-01-27,297.74389330546063
2008-01-28,297.54746373494464
2008-01-29,298.50265312194824
2008-01-30,298.6833718617757
2008-01-31,298.4322090148926
2008-02-01,297.36596298217773
2008-02-02,297.6705017089844
2008-02-03,298.12604395548504
2008-02-04,299.43181800842285
2008-02-05,298.79276784261066
2008-02-06,298.9968153635661
2008-02-07,299.10870297749835
2008-02-08,299.32433764139813
2008-02-09,299.7242552439372
2008-02-10,299.49887720743817
2008-02-11,298.9186503092448
2008-02-12,298.72900517781574
2008-02-13,298.74263827006024
2008-02-14,299.09832255045575
2008-02-15,297.9509099324544
2008-02-16,297.9477195739746
2008-02-17,298.0918941497803
2008-02-18,298.48301887512207
2008-02-19,299.39821434020996
2008-02-20,298.71148618062335
2008-02-21,297.150686899821
2008-02-22,297.8805046081543
2008-02-23,298.30583635965985
2008-02-24,298.8911870320638
2008-02-25,299.4293619791667
2008-02-26,298.79470761617023
2008-02-27,298.6608765920003
2008-02-28,298.3548132578532
2008-02-29,297.9024721781413
2008-03-01,297.75305938720703
2008-03-02,296.86145973205566
2008-03-03,298.2873764038086
2008-03-04,298.6238149007161
2008-03-05,298.4675712585449
2008-03-06,298.72596104939777
2008-03-07,298.05725479125977
2008-03-08,298.28890800476074
2008-03-09,298.4903647104899
2008-03-10,298.8491274515788
2008-03-11,298.4833990732829
2008-03-12,298.0968774159749
2008-03-13,298.5446370442708
2008-03-14,298.13060760498047
2008-03-15,298.9356060028076
2008-03-16,298.9339059193929
2008-03-17,298.51477750142413
2008-03-18,298.19015566507977
2008-03-19,298.4749393463135
2008-03-20,298.0889841715495
2008-03-21,298.37009112040204
2008-03-22,298.2864812215169
2008-03-23,297.52419980367023
2008-03-24,298.51471519470215
2008-03-25,297.09294573465985
2008-03-26,297.57395998636883
2008-03-27,297.46280670166016
2008-03-28,297.54657554626465
2008-03-29,297.79729080200195
2008-03-30,298.02876408894855
2008-03-31,297.3860200246175
2008-04-01,297.8581835428874
2008-04-02,297.9813461303711
2008-04-03,298.0010134379069
2008-04-04,297.9085273742676
2008-04-05,298.19330406188965
2008-04-06,297.4859561920166
2008-04-07,298.32044982910156
2008-04-08,299.33964920043945
2008-04-09,298.76462999979657
2008-04-10,298.8730360666911
2008-04-11,298.2185885111491
2008-04-12,298.23142496744794
2008-04-13,298.16616439819336
2008-04-14,298.33291180928546
2008-04-15,298.3519808451335
2008-04-16,298.2307726542155
2008-04-17,298.4447892506917
2008-04-18,298.31173006693524
2008-04-19,298.4272575378418
2008-04-20,298.0962855021159
2008-04-21,298.8577257792155
2008-04-22,298.44691530863446
2008-04-23,298.94351132710773
2008-04-24,298.66928990681964
2008-04-25,298.3653373718262
2008-04-26,298.55878829956055
2008-04-27,298.75036811828613
2008-04-28,298.71410115559894
2008-04-29,298.59661356608075
2008-04-30,297.90122095743817
2008-05-01,298.6333777109782
2008-05-02,298.33509635925293
2008-05-03,298.63818486531574
2008-05-04,298.3460871378581
2008-05-05,298.3539702097575
2008-05-06,298.5802682240804
2008-05-07,298.5057061513265
2008-05-08,298.73080762227374
2008-05-09,298.72916475931805
2008-05-10,297.91275787353516
2008-05-11,298.5358435312907
2008-05-12,297.7698205312093
2008-05-13,298.39821751912433
2008-05-14,298.7398052215576
2008-05-15,298.47968037923175
2008-05-16,299.1441338857015
2008-05-17,299.11781374613446
2008-05-18,298.8774356842041
2008-05-19,299.4758885701497
2008-05-20,299.84560203552246
2008-05-21,299.1066493988037
2008-05-22,298.68020884195965
2008-05-23,298.2748680114746
2008-05-24,298.5733521779378
2008-05-25,298.11448033650714
2008-05-26,298.2273483276367
2008-05-27,299.1470750172933
2008-05-28,299.1449146270752
2008-05-29,299.06416447957355
2008-05-30,298.65542856852215
2008-05-31,298.76433817545575
2008-06-01,297.979939142863
2008-06-02,297.49733543395996
2008-06-03,298.07859230041504
2008-06-04,298.6282157897949
2008-06-05,298.98548316955566
2008-06-06,298.7931429545085
2008-06-07,298.62503878275555
2008-06-08,298.7257874806722
2008-06-09,299.00356610616046
2008-06-10,298.18404897054035
2008-06-11,298.484915415446
2008-06-12,298.6021779378255
2008-06-13,297.6211910247803
2008-06-14,298.221778233846
2008-06-15,299.02046902974445
2008-06-16,299.4469636281331
2008-06-17,299.1704279581706
2008-06-18,298.5810146331787
2008-06-19,298.61669667561847
2008-06-20,298.5825958251953
2008-06-21,299.12768363952637
2008-06-22,299.8861020406087
2008-06-23,299.6638463338216
2008-06-24,300.0344041188558
2008-06-25,298.66317431132
2008-06-26,298.82816950480145
2008-06-27,299.170649210612
2008-06-28,299.7137095133464
2008-06-29,299.7475477854411
2008-06-30,299.5551109313965
2008-07-01,300.0495147705078
2008-07-02,299.29795201619464
2008-07-03,299.081392288208
2008-07-04,299.2790463765462
2008-07-05,299.2488199869792
2008-07-06,299.17110951741535
2008-07-07,298.6444676717122
2008-07-08,299.2298336029053
2008-07-09,299.41136423746747
2008-07-10,299.8239974975586
2008-07-11,299.92796834309894
2008-07-12,300.350772857666
2008-07-13,300.6265786488851
2008-07-14,300.1677722930908
2008-07-15,299.93075879414874
2008-07-16,299.83805147806805
2008-07-17,299.35337257385254
2008-07-18,298.8519407908122
2008-07-19,298.68152300516766
2008-07-20,299.0935223897298
2008-07-21,299.3936405181885
2008-07-22,299.7483418782552
2008-07-23,299.5706195831299
2008-07-24,299.4271240234375
2008-07-25,299.47305234273273
2008-07-26,299.4936040242513
2008-07-27,299.3932132720947
2008-07-28,299.32992871602374
2008-07-29,299.5551751454671
2008-07-30,300.22964731852215
2008-07-31,299.9932276407878
2008-08-01,299.6845951080322
2008-08-02,299.60171127319336
2008-08-03,300.04086621602374
2008-08-04,300.0611279805501
2008-08-05,299.8194039662679
2008-08-06,300.00837834676105
2008-08-07,300.30571937561035
2008-08-08,300.17895189921063
2008-08-09,300.01227951049805
2008-08-10,300.1006914774577
2008-08-11,300.51334317525226
2008-08-12,300.6943581899007
2008-08-13,300.6102104187012
2008-08-14,300.4193655649821
2008-08-15,300.2485809326172
2008-08-16,300.5646807352702
2008-08-17,300.3076006571452
2008-08-18,299.801420211792
2008-08-19,300.2282250722249
2008-08-20,300.57668050130206
2008-08-21,300.9443295796712
2008-08-22,300.2814203898112
2008-08-23,299.93064943949383
2008-08-24,299.97686767578125
2008-08-25,300.16610781351727
2008-08-26,300.26444180806476
2008-08-27,300.3718611399333
2008-08-28,300.1696605682373
2008-08-29,300.06147384643555
2008-08-30,300.3421408335368
2008-08-31,300.2777156829834
2008-09-01,300.357905069987
2008-09-02,300.23715655008954
2008-09-03,300.5482654571533
2008-09-04,300.1817143758138
2008-09-05,300.27845764160156
2008-09-06,300.54094950358075
2008-09-07,300.3112487792969
2008-09-08,300.0652720133464
2008-09-09,299.9964459737142
2008-09-10,300.3163312276204
2008-09-11,300.42240715026855
2008-09-12,300.63653055826825
2008-09-13,300.6468900044759
2008-09-14,300.8882687886556
2008-09-15,300.8943239847819
2008-09-16,300.8826249440511
2008-09-17,301.14428901672363
2008-09-18,300.7549482981364
2008-09-19,300.52099355061847
2008-09-20,301.10264523824054
2008-09-21,300.6748504638672
2008-09-22,300.69361368815106
2008-09-23,300.7416362762451
2008-09-24,300.5476773579915
2008-09-25,300.92892519632977
2008-09-26,301.3213768005371
2008-09-27,301.05345090230304
2008-09-28,300.9723269144694
2008-09-29,301.07889048258465
2008-09-30,301.23967933654785
2008-10-01,300.9043191274007
2008-10-02,301.34310976664227
2008-10-03,301.5237693786621
2008-10-04,301.1866041819255
2008-10-05,300.48722585042316
2008-10-06,301.57972462972003
2008-10-07,301.5941282908122
2008-10-08,301.48708152770996
2008-10-09,301.23805236816406
2008-10-10,300.9186096191406
2008-10-11,300.41171137491864
2008-10-12,300.88817087809247
2008-10-13,301.8141059875488
2008-10-14,300.9867006937663
2008-10-15,301.20132128397626
2008-10-16,301.3255793253581
2008-10-17,300.97867012023926
2008-10-18,301.29559961954754
2008-10-19,300.93292236328125
2008-10-20,300.9889856974284
2008-10-21,300.923033396403
2008-10-22,301.29545402526855
2008-10-23,301.1886679331462
2008-10-24,301.6361331939697
2008-10-25,301.66867129007977
2008-10-26,301.18027114868164
2008-10-27,301.3948338826497
2008-10-28,301.29527791341144
2008-10-29,301.6350638071696
2008-10-30,301.57445271809894
2008-10-31,301.558297475179
2008-11-01,301.4915542602539
2008-11-02,301.55529594421387
2008-11-03,300.73974736531574
2008-11-04,300.33533732096356
2008-11-05,300.7792161305745
2008-11-06,300.907070795695
2008-11-07,300.7285582224528
2008-11-08,300.7289899190267
2008-11-09,300.7220630645752
2008-11-10,300.82124010721844
2008-11-11,301.11832491556805
2008-11-12,301.3127377827962
2008-11-13,301.6582775115967
2008-11-14,301.3015734354655
2008-11-15,301.2094071706136
2008-11-16,301.0960184733073
2008-11-17,301.0545514424642
2008-11-18,301.26914469401044
2008-11-19,301.30119069417316
2008-11-20,301.621795018514
2008-11-21,301.64724858601886
2008-11-22,301.7036272684733
2008-11-23,301.34260686238605
2008-11-24,301.23163922627765
2008-11-25,301.85476048787433
2008-11-26,301.72168223063153
2008-11-27,301.34708976745605
2008-11-28,301.21509106953937
2008-11-29,301.37363624572754
2008-11-30,300.9118957519531
2008-12-01,301.04712104797363
2008-12-02,301.06857172648114
2008-12-03,298.6117064158122
2008-12-04,300.755859375
2008-12-05,301.62321345011395
2008-12-06,301.21875127156574
2008-12-07,300.8630313873291
2008-12-08,300.74731000264484
2008-12-09,300.6517283121745
2008-12-10,300.56919797261554
2008-12-11,300.54358100891113
2008-12-12,301.17858187357587
2008-12-13,301.42959785461426
2008-12-14,301.1594937642415
2008-12-15,301.2547086079915
2008-12-16,300.57683181762695
2008-12-17,300.9921391805013
2008-12-18,300.8579394022624
2008-12-19,300.00686772664386
2008-12-20,299.08137130737305
2008-12-21,299.5686893463135
2008-12-22,300.56004524230957
2008-12-23,300.6760018666585
2008-12-24,300.3072039286296
2008-12-25,300.1203155517578
2008-12-26,299.50951131184894
2008-12-27,300.27302742004395
2008-12-28,300.75886789957684
2008-12-29,300.43767102559406
2008-12-30,300.4947198232015
2008-12-31,301.07758076985675
2009-01-01,299.8542130788167
2009-01-02,299.4931271870931
2009-01-03,300.59013748168945
2009-01-04,300.7298666636149
2009-01-05,300.7475306193034
2009-01-06,300.09901936848956
2009-01-07,299.51689529418945
2009-01-08,299.431111017863
2009-01-09,299.22719701131183
2009-01-10,299.41485087076825
2009-01-11,298.76289049784344
2009-01-12,299.1267026265462
2009-01-13,299.2882932027181
2009-01-14,299.09609031677246
2009-01-15,298.74984614054364
2009-01-16,299.03460057576496
2009-01-17,299.06454785664874
2009-01-18,298.94722112019855
2009-01-19,299.00307273864746
2009-01-20,298.77421951293945
2009-01-21,298.09925333658856
2009-01-22,297.21095848083496
2009-01-23,299.25610033671063
2009-01-24,298.18770535786945
2009-01-25,297.9800173441569
2009-01-26,298.68789227803546
2009-01-27,298.9184290568034
2009-01-28,299.4359709421794
2009-01-29,299.78766377766925
2009-01-30,299.0259552001953
2009-01-31,298.6177037556966
2009-02-01,298.44202931722003
2009-02-02,298.2950496673584
2009-02-03,298.12865257263184
2009-02-04,298.56495094299316
2009-02-05,298.6700216929118
2009-02-06,299.2799663543701
2009-02-07,299.39224433898926
2009-02-08,299.97964413960773
2009-02-09,299.44644355773926
2009-02-10,299.42748705546063
2009-02-11,298.6716111501058
2009-02-12,298.5893135070801
2009-02-13,298.8810863494873
2009-02-14,298.905211130778
2009-02-15,298.6966304779053
2009-02-16,297.4808432261149
2009-02-17,298.1320991516113
2009-02-18,297.93533579508465
2009-02-19,298.12749036153156
2009-02-20,298.1735089619954
2009-02-21,297.8467769622803
2009-02-22,297.9348322550456
2009-02-23,297.2739963531494
2009-02-24,297.85689544677734
2009-02-25,298.00109736124676
2009-02-26,297.05468559265137
2009-02-27,297.6161403656006
2009-02-28,297.9629198710124
2009-03-01,298.6314557393392
2009-03-02,298.58889897664386
2009-03-03,298.2780768076579
2009-03-04,298.3446407318115
2009-03-05,298.5000756581624
2009-03-06,298.9424597422282
2009-03-07,299.01621437072754
2009-03-08,299.00887743632
2009-03-09,298.6616776784261
2009-03-10,298.4062735239665
2009-03-11,298.7115599314372
2009-03-12,299.0079523722331
2009-03-13,298.90370814005536
2009-03-14,298.8924916585286
2009-03-15,299.6861972808838
2009-03-16,297.6580289204915
2009-03-17,297.80216280619305
2009-03-18,298.62739817301434
2009-03-19,299.15508397420246
2009-03-20,298.76680119832355
2009-03-21,298.86831855773926
2009-03-22,298.69521713256836
2009-03-23,298.7939167022705
2009-03-24,298.2478656768799
2009-03-25,297.85872014363605
2009-03-26,298.6414737701416
2009-03-27,297.90884017944336
2009-03-28,297.81770006815594
2009-03-29,299.39605776468915
2009-03-30,298.9048309326172
2009-03-31,297.9202136993408
2009-04-01,298.8868776957194
2009-04-02,298.218225479126
2009-04-03,298.35322189331055
2009-04-04,297.6708634694417
2009-04-05,298.1590404510498
2009-04-06,298.8565165201823
2009-04-07,299.5509026845296
2009-04-08,299.1951681772868
2009-04-09,298.44643147786456
2009-04-10,297.60999997456867
2009-04-11,298.97820536295575
2009-04-12,297.51319058736163
2009-04-13,298.59277089436847
2009-04-14,298.65946197509766
2009-04-15,298.5895029703776
2009-04-16,298.30139478047687
2009-04-17,298.1522846221924
2009-04-18,298.38530985514325
2009-04-19,297.61635398864746
2009-04-20,298.5165252685547
2009-04-21,299.108938852946
2009-04-22,299.08739980061847
2009-04-23,299.0296713511149
2009-04-24,299.0731379191081
2009-04-25,298.3219057718913
2009-04-26,298.41263516743976
2009-04-27,297.6532204945882
2009-04-28,298.06434567769367
2009-04-29,298.3984196980794
2009-04-30,298.7280076344808
2009-05-01,298.34790420532227
2009-05-02,297.32511075337726
2009-05-03,297.6884053548177
2009-05-04,298.75861104329425
2009-05-05,298.40599695841473
2009-05-06,298.65185292561847
2009-05-07,298.08434359232587
2009-05-08,297.4370174407959
2009-05-09,298.02195167541504
2009-05-10,298.4526259104411
2009-05-11,298.3582700093587
2009-05-12,298.6222724914551
2009-05-13,298.39683787027997
2009-05-14,297.90203921000165
2009-05-15,297.92811648050946
2009-05-16,298.54941431681317
2009-05-17,298.67251141866046
2009-05-18,298.64691670735675
2009-05-19,298.2487277984619
2009-05-20,298.28631591796875
2009-05-21,298.2123273213704
2009-05-22,298.51857566833496
2009-05-23,297.9416694641113
2009-05-24,297.3539746602376
2009-05-25,297.5038350423177
2009-05-26,298.26902135213214
2009-05-27,298.8974024454753
2009-05-28,298.1537659962972
2009-05-29,298.43930498758954
2009-05-30,297.82917340596515
2009-05-31,298.6829427083333
2009-06-01,298.38255564371747
2009-06-02,297.5572910308838
2009-06-03,298.0979601542155
2009-06-04,298.8893299102783
2009-06-05,298.8921947479248
2009-06-06,298.2818323771159
2009-06-07,298.0159339904785
2009-06-08,298.03682645161945
2009-06-09,298.95291900634766
2009-06-10,298.2131125132243
2009-06-11,298.40640449523926
2009-06-12,298.41233189900714
2009-06-13,298.8296597798665
2009-06-14,299.1335741678874
2009-06-15,298.50234095255536
2009-06-16,298.6603412628174
2009-06-17,298.8124485015869
2009-06-18,299.1940224965413
2009-06-19,299.0891119639079
2009-06-20,299.4526710510254
2009-06-21,299.54147656758624
2009-06-22,299.0305258433024
2009-06-23,298.7626845041911
2009-06-24,298.50869687398273
2009-06-25,298.29956754048663
2009-06-26,298.87510045369464
2009-06-27,299.44893010457355
2009-06-28,299.5310541788737
2009-06-29,299.33615493774414
2009-06-30,299.008269627889
2009-07-01,298.90744654337567
2009-07-02,299.0227864583333
2009-07-03,299.34605407714844
2009-07-04,299.2176233927409
2009-07-05,299.2382043202718
2009-07-06,299.3709252675374
2009-07-07,298.97414271036786
2009-07-08,298.72938474019367
2009-07-09,299.19902420043945
2009-07-10,299.88751157124835
2009-07-11,300.27697436014813
2009-07-12,300.13688532511395
2009-07-13,299.76930872599286
2009-07-14,299.26029713948566
2009-07-15,299.62235196431476
2009-07-16,299.65802637736004
2009-07-17,299.5729414621989
2009-07-18,299.1280860900879
2009-07-19,299.131498336792
2009-07-20,299.53932825724286
2009-07-21,299.3683274586995
2009-07-22,299.5224355061849
2009-07-23,299.205171585083
2009-07-24,298.48423703511554
2009-07-25,299.43298467000324
2009-07-26,300.1758454640706
2009-07-27,300.16248321533203
2009-07-28,300.1590798695882
2009-07-29,299.9075736999512
2009-07-30,299.70833524068195
2009-07-31,300.29159291585285
2009-08-01,300.05152130126953
2009-08-02,300.3464762369792
2009-08-03,300.15489705403644
2009-08-04,300.07424608866376
2009-08-05,300.17566299438477
2009-08-06,300.3647740681966
2009-08-07,301.1166343688965
2009-08-08,299.629679997762
2009-08-09,299.70089530944824
2009-08-10,300.47049713134766
2009-08-11,300.4695002237956
2009-08-12,300.53420066833496
2009-08-13,300.55435434977215
2009-08-14,300.785338083903
2009-08-15,300.6676890055339
2009-08-16,301.33570671081543
2009-08-17,301.35406430562335
2009-08-18,301.27950859069824
2009-08-19,301.0452079772949
2009-08-20,300.68125979105633
2009-08-21,301.0114517211914
2009-08-22,300.61439514160156
2009-08-23,300.55850919087726
2009-08-24,300.5979588826497
2009-08-25,300.57453473409015
2009-08-26,300.8850917816162
2009-08-27,300.4573008219401
2009-08-28,300.38439242045087
2009-08-29,300.5083376566569
2009-08-30,300.58564376831055
2009-08-31,301.12351989746094
2009-09-01,300.8610719045003
2009-09-02,300.70945676167804
2009-09-03,301.0916035970052
2009-09-04,301.1399676005046
2009-09-05,301.0462176005046
2009-09-06,301.0114396413167
2009-09-07,301.1025473276774
2009-09-08,300.9947516123454
2009-09-09,300.87207349141437
2009-09-10,301.6907761891683
2009-09-11,301.69286791483563
2009-09-12,301.46475919087726
2009-09-13,301.26954015096027
2009-09-14,301.0650323232015
2009-09-15,300.75066566467285
2009-09-16,300.9404379526774
2009-09-17,300.6685791015625
2009-09-18,300.70645332336426
2009-09-19,300.9041741689046
2009-09-20,301.2792383829753
2009-09-21,301.1369450887044
2009-09-22,300.69719823201496
2009-09-23,300.94933764139813
2009-09-24,301.02720642089844
2009-09-25,301.2876427968343
2009-09-26,300.91214688618976
2009-09-27,300.887908299764
2009-09-28,301.4567445119222
2009-09-29,301.2281379699707
2009-09-30,300.7894706726074
2009-10-01,300.8257401784261
2009-10-02,301.0505561828613
2009-10-03,301.41526985168457
2009-10-04,300.8269812266032
2009-10-05,301.15284665425617
2009-10-06,301.3093668619792
2009-10-07,301.2318738301595
2009-10-08,301.37196413675946
2009-10-09,301.217804590861
2009-10-10,301.5687948862712
2009-10-11,301.75686264038086
2009-10-12,301.5013078053792
2009-10-13,301.36332448323566
2009-10-14,301.33926709493
2009-10-15,301.13985443115234
2009-10-16,300.9770278930664
2009-10-17,301.17906379699707
2009-10-18,301.28561274210614
2009-10-19,301.54941431681317
2009-10-20,301.81615956624347
2009-10-21,301.51000022888184
2009-10-22,301.02249399820965
2009-10-23,301.51195271809894
2009-10-24,301.4453989664714
2009-10-25,301.4557310740153
2009-10-26,301.6954167683919
2009-10-27,301.8448842366536
2009-10-28,302.01665623982746
2009-10-29,301.2768185933431
2009-10-30,301.4086119333903
2009-10-31,301.1927941640218
2009-11-01,301.0627721150716
2009-11-02,301.3709939320882
2009-11-03,301.2327938079834
2009-11-04,300.97228749593097
2009-11-05,301.58309618632
2009-11-06,301.65966542561847
2009-11-07,301.23276392618817
2009-11-08,301.6467539469401
2009-11-09,301.7126522064209
2009-11-10,301.67474301656085
2009-11-11,301.8087380727132
2009-11-12,301.72513516743976
2009-11-13,301.2367006937663
2009-11-14,301.4575990041097
2009-11-15,300.9286575317383
2009-11-16,301.33373769124347
2009-11-17,301.61012268066406
2009-11-18,301.9310760498047
2009-11-19,301.97829246520996
2009-11-20,301.53359349568683
2009-11-21,301.85080337524414
2009-11-22,301.9016869862874
2009-11-23,301.66128158569336
2009-11-24,301.5458761850993
2009-11-25,301.0183397928874
2009-11-26,301.38711102803546
2009-11-27,301.5040423075358
2009-11-28,301.7646255493164
2009-11-29,301.90511957804364
2009-11-30,301.6754442850749
2009-12-01,301.87029457092285
2009-12-02,301.8620726267497
2009-12-03,301.5837179819743
2009-12-04,301.156104405721
2009-12-05,301.3639729817708
2009-12-06,300.5316867828369
2009-12-07,300.9914665222168
2009-12-08,301.2729740142822
2009-12-09,301.4154936472575
2009-12-10,301.47545433044434
2009-12-11,300.53139940897626
2009-12-12,300.1301803588867
2009-12-13,300.4540761311849
2009-12-14,300.4110571543376
2009-12-15,300.6825949350993
2009-12-16,300.9261830647786
2009-12-17,300.85397974650067
2009-12-18,300.9410800933838
2009-12-19,301.4018980662028
2009-12-20,301.23776117960614
2009-12-21,300.1179192860921
2009-12-22,300.2053159077962
2009-12-23,299.76428667704266
2009-12-24,300.4987201690674
2009-12-25,300.6856212615967
2009-12-26,300.6746139526367
2009-12-27,300.5803731282552
2009-12-28,299.24499130249023
2009-12-29,299.396001180013
2009-12-30,299.5444793701172
2009-12-31,299.0045979817708
2010-01-01,297.8269557952881
2010-01-02,297.69436772664386
2010-01-03,299.25415166219074
2010-01-04,300.50164858500165
2010-01-05,300.1112480163574
2010-01-06,300.3469460805257
2010-01-07,300.21896107991535
2010-01-08,300.36367734273273
2010-01-09,299.32948048909503
2010-01-10,299.68463071187335
2010-01-11,300.3666286468506
2010-01-12,299.82052930196124
2010-01-13,299.6945171356201
2010-01-14,300.1612243652344
2010-01-15,300.9451592763265
2010-01-16,301.01001421610516
2010-01-17,300.90130043029785
2010-01-18,300.66477648417157
2010-01-19,300.411906560262
2010-01-20,299.79263559977215
2010-01-21,299.8003381093343
2010-01-22,299.8426736195882
2010-01-23,299.76900990804035
2010-01-24,299.253942489624
2010-01-25,299.36304028828937
2010-01-26,299.21166674296063
2010-01-27,299.2014217376709
2010-01-28,298.690855662028
2010-01-29,299.05802090962726
2010-01-30,300.381872177124
2010-01-31,300.26649538675946
2010-02-01,300.1835587819417
2010-02-02,299.06432787577313
2010-02-03,300.3802312215169
2010-02-04,301.30445353190106
2010-02-05,300.7146135965983
2010-02-06,300.5958003997803
2010-02-07,300.86485926310223
2010-02-08,300.241309483846
2010-02-09,299.3594201405843
2010-02-10,298.968786239624
2010-02-11,299.43526395161945
2010-02-12,297.8185609181722
2010-02-13,298.64799245198566
2010-02-14,298.5182247161865
2010-02-15,299.4996331532796
2010-02-16,299.85454686482746
2010-02-17,301.01195017496747
2010-02-18,300.90808232625324
2010-02-19,301.3847465515137
2010-02-20,300.93471844991046
2010-02-21,300.3151276906331
2010-02-22,300.15109570821124
2010-02-23,300.89011255900067
2010-02-24,300.71696345011395
2010-02-25,301.006144841512
2010-02-26,300.8565222422282
2010-02-27,300.46352195739746
2010-02-28,300.3151976267497
2010-03-01,300.71399180094403
2010-03-02,300.5354111989339
2010-03-03,301.19997533162433
2010-03-04,301.3065751393636
2010-03-05,299.9803269704183
2010-03-06,300.1525338490804
2010-03-07,300.51078669230145
2010-03-08,300.7208258310954
2010-03-09,301.44506645202637
2010-03-10,301.1903527577718
2010-03-11,301.11454073588055
2010-03-12,300.76968638102215
2010-03-13,300.1533737182617
2010-03-14,301.3708693186442
2010-03-15,301.1509895324707
2010-03-16,300.60744921366376
2010-03-17,300.08373769124347
2010-03-18,300.5222002665202
2010-03-19,300.5890318552653
2010-03-20,299.81476338704425
2010-03-21,299.3757661183675
2010-03-22,299.763817469279
2010-03-23,299.1847095489502
2010-03-24,298.06908925374347
2010-03-25,299.78467750549316
2010-03-26,299.42837715148926
2010-03-27,299.5222002665202
2010-03-28,299.34437878926593
2010-03-29,299.6916980743408
2010-03-30,299.7965443929036
2010-03-31,299.8813076019287
2010-04-01,299.1355546315511
2010-04-02,298.6943066914876
2010-04-03,298.5286184946696
2010-04-04,299.79980150858563
2010-04-05,300.0354830423991
2010-04-06,299.87047386169434
2010-04-07,299.39703305562335
2010-04-08,298.5732065836589
2010-04-09,298.65918858846027
2010-04-10,299.30297597249347
2010-04-11,298.90682729085285
2010-04-12,298.27297019958496
2010-04-13,299.0231285095215
2010-04-14,299.74623171488446
2010-04-15,300.1214796702067
2010-04-16,299.8504556020101
2010-04-17,298.9004389444987
2010-04-18,299.2615566253662
2010-04-19,299.6381079355876
2010-04-20,299.5805371602376
2010-04-21,299.75240389506024
2010-04-22,300.1251138051351
2010-04-23,299.4336636861165
2010-04-24,299.7273006439209
2010-04-25,300.02881622314453
2010-04-26,300.5134048461914
2010-04-27,300.26488939921063
2010-04-28,299.5923703511556
2010-04-29,299.90561294555664
2010-04-30,299.44414202372235
2010-05-01,299.0889091491699
2010-05-02,299.82848230997723
2010-05-03,299.1415100097656
2010-05-04,298.8027992248535
2010-05-05,299.5931460062663
2010-05-06,299.56849988301593
2010-05-07,300.04470507303876
2010-05-08,300.26964378356934
2010-05-09,300.1507790883382
2010-05-10,300.7216567993164
2010-05-11,300.9118226369222
2010-05-12,300.10559272766113
2010-05-13,300.62054951985675
2010-05-14,300.6972599029541
2010-05-15,300.66187858581543
2010-05-16,300.2506294250488
2010-05-17,300.0169614156087
2010-05-18,300.611847559611
2010-05-19,300.6597194671631
2010-05-20,300.2132161458333
2010-05-21,299.75972112019855
2010-05-22,300.2597649892171
2010-05-23,300.28886795043945
2010-05-24,300.38995933532715
2010-05-25,300.46346918741864
2010-05-26,300.55608050028485
2010-05-27,300.38665135701496
2010-05-28,300.4617837270101
2010-05-29,300.25057284037274
2010-05-30,299.52297655741376
2010-05-31,298.55776532491046
2010-06-01,299.8041985829671
2010-06-02,300.4708735148112
2010-06-03,300.26758066813153
2010-06-04,299.1059118906657
2010-06-05,299.55788866678876
2010-06-06,299.97958691914874
2010-06-07,300.22536023457843
2010-06-08,300.17551867167157
2010-06-09,299.90500259399414
2010-06-10,300.356014251709
2010-06-11,300.22020022074383
2010-06-12,299.5571689605713
2010-06-13,299.2813320159912
2010-06-14,298.90158398946124
2010-06-15,299.0568841298421
2010-06-16,299.1074956258138
2010-06-17,299.74706713358563
2010-06-18,299.8607285817464
2010-06-19,299.99614842732746
2010-06-20,300.03124618530273
2010-06-21,300.14424832661945
2010-06-22,299.80464299519855
2010-06-23,299.5778274536133
2010-06-24,299.81210390726727
2010-06-25,299.27762667338055
2010-06-26,300.2396380106608
2010-06-27,300.3733596801758
2010-06-28,300.648380279541
2010-06-29,299.92772483825684
2010-06-30,299.9590371449788
2010-07-01,299.1101353963216
2010-07-02,299.41736729939777
2010-07-03,299.7306213378906
2010-07-04,299.50935618082684
2010-07-05,299.53460184733075
2010-07-06,300.03402455647785
2010-07-07,300.275447845459
2010-07-08,299.52224922180176
2010-07-09,299.78077061971027
2010-07-10,299.2962169647217
2010-07-11,299.300833384196
2010-07-12,299.83054542541504
2010-07-13,300.16518847147626
2010-07-14,300.18703269958496
2010-07-15,299.9221833546956
2010-07-16,300.0526320139567
2010-07-17,299.43438720703125
2010-07-18,298.7659174601237
2010-07-19,298.6284872690837
2010-07-20,298.8871815999349
2010-07-21,299.15622584025067
2010-07-22,299.50839614868164
2010-07-23,299.99477831522626
2010-07-24,299.86334228515625
2010-07-25,299.5192127227783
2010-07-26,299.49048169453937
2010-07-27,299.8550504048665
2010-07-28,300.13891983032227
2010-07-29,300.14828872680664
2010-07-30,299.85041936238605
2010-07-31,300.52463213602704
2010-08-01,300.67282549540204
2010-08-02,300.3618704477946
2010-08-03,300.47928682963055
2010-08-04,299.99925231933594
2010-08-05,300.50461196899414
2010-08-06,300.5866928100586
2010-08-07,300.3226318359375
2010-08-08,300.62597465515137
2010-08-09,300.60904693603516
2010-08-10,300.56481488545734
2010-08-11,300.3830025990804
2010-08-12,300.20569547017413
2010-08-13,300.4187520345052
2010-08-14,300.56486956278485
2010-08-15,300.63534927368164
2010-08-16,299.82238515218097
2010-08-17,299.4334297180176
2010-08-18,299.169158299764
2010-08-19,299.791451772054
2010-08-20,300.59325408935547
2010-08-21,300.571133295695
2010-08-22,300.73041343688965
2010-08-23,300.5508511861165
2010-08-24,300.60450681050617
2010-08-25,300.77402687072754
2010-08-26,300.34645144144696
2010-08-27,300.0902328491211
2010-08-28,300.01115735371906
2010-08-29,300.3887710571289
2010-08-30,300.5566984812419
2010-08-31,300.36794408162433
2010-09-01,300.41766993204754
2010-09-02,300.68243344624835
2010-09-03,300.81793276468915
2010-09-04,301.00751241048175
2010-09-05,300.9307092030843
2010-09-06,300.8278802235921
2010-09-07,300.7621021270752
2010-09-08,300.5553334554036
2010-09-09,300.78943761189777
2010-09-10,300.8678741455078
2010-09-11,300.51314544677734
2010-09-12,300.7694676717122
2010-09-13,301.3615264892578
2010-09-14,301.5983409881592
2010-09-15,301.18691571553546
2010-09-16,300.94987233479816
2010-09-17,300.98229281107587
2010-09-18,300.981787999471
2010-09-19,300.8818073272705
2010-09-20,301.13257026672363
2010-09-21,301.0101941426595
2010-09-22,301.0984910329183
2010-09-23,301.34882227579754
2010-09-24,301.3638865152995
2010-09-25,301.0427716573079
2010-09-26,301.16006151835126
2010-09-27,300.8865973154704
2010-09-28,301.29977162679035
2010-09-29,301.23948033650714
2010-09-30,301.3540833791097
2010-10-01,301.3269494374593
2010-10-02,301.3806400299072
2010-10-03,301.35737864176434
2010-10-04,301.38577397664386
2010-10-05,301.37342770894367
2010-10-06,301.28929392496747
2010-10-07,301.6291255950928
2010-10-08,301.60512987772626
2010-10-09,301.6309814453125
2010-10-10,301.55179659525555
2010-10-11,301.09620730082196
2010-10-12,300.8691342671712
2010-10-13,300.95654551188153
2010-10-14,301.2694714864095
2010-10-15,301.3568770090739
2010-10-16,301.120392481486
2010-10-17,301.20406405131024
2010-10-18,301.4025700887044
2010-10-19,301.0261224110921
2010-10-20,301.2755648295085
2010-10-21,301.5612042744954
2010-10-22,301.17605845133465
2010-10-23,301.2716185251872
2010-10-24,301.2241859436035
2010-10-25,300.5624027252197
2010-10-26,301.1013247172038
2010-10-27,301.0561917622884
2010-10-28,301.12604904174805
2010-10-29,301.08597628275555
2010-10-30,301.64706802368164
2010-10-31,301.27567354838055
2010-11-01,301.7683327992757
2010-11-02,301.51037979125977
2010-11-03,301.33022181193036
2010-11-04,301.30485916137695
2010-11-05,301.247168858846
2010-11-06,300.9717839558919
2010-11-07,301.7036781311035
2010-11-08,300.9168249766032
2010-11-09,300.75578053792316
2010-11-10,300.66332817077637
2010-11-11,301.5703461964925
2010-11-12,301.74760182698566
2010-11-13,300.93638674418133
2010-11-14,300.1004886627197
2010-11-15,300.1898606618245
2010-11-16,300.55851554870605
2010-11-17,301.0752944946289
2010-11-18,301.33645757039386
2010-11-19,300.55245780944824
2010-11-20,300.1964702606201
2010-11-21,300.3982353210449
2010-11-22,301.03728739420575
2010-11-23,300.82818094889325
2010-11-24,300.5736395517985
2010-11-25,301.3716456095378
2010-11-26,301.21193250020343
2010-11-27,301.2487322489421
2010-11-28,300.43750699361163
2010-11-29,301.1578006744385
2010-11-30,301.3565724690755
2010-12-01,301.1829884847005
2010-12-02,301.24904950459796
2010-12-03,300.7397766113281
2010-12-04,300.28129895528156
2010-12-05,299.89939244588214
2010-12-06,300.19490242004395
2010-12-07,300.85569190979004
2010-12-08,300.9137376149495
2010-12-09,300.8734079996745
2010-12-10,300.818541208903
2010-12-11,301.0877291361491
2010-12-12,300.8279832204183
2010-12-13,300.8499450683594
2010-12-14,301.1322987874349
2010-12-15,300.67113304138184
2010-12-16,299.15923563639325
2010-12-17,299.3887767791748
2010-12-18,299.19754219055176
2010-12-19,299.8096097310384
2010-12-20,300.3550027211507
2010-12-21,300.0467993418376
2010-12-22,300.2298170725505
2010-12-23,299.4405581156413
2010-12-24,298.4914722442627
2010-12-25,298.89937019348145
2010-12-26,299.4639434814453
2010-12-27,299.7477620442708
2010-12-28,300.25871594746906
2010-12-29,300.01551564534503
2010-12-30,299.22251319885254
2010-12-31,299.59638659159344
2011-01-01,298.7081718444824
2011-01-02,299.2523657480876
2011-01-03,300.17055384318036
2011-01-04,299.6102644602458
2011-01-05,299.596232732137
2011-01-06,299.32339413960773
2011-01-07,298.69362449645996
2011-01-08,297.74148178100586
2011-01-09,298.8048788706462
2011-01-10,299.06090990702313
2011-01-11,298.8182900746663
2011-01-12,298.9727325439453
2011-01-13,299.0792757670085
2011-01-14,299.568177541097
2011-01-15,299.1934731801351
2011-01-16,298.48232650756836
2011-01-17,297.512908299764
2011-01-18,298.7701473236084
2011-01-19,298.25257301330566
2011-01-20,297.53478050231934
2011-01-21,297.65575790405273
2011-01-22,296.9783064524333
2011-01-23,298.1908645629883
2011-01-24,298.3834597269694
2011-01-25,297.346882502238
2011-01-26,297.8030071258545
2011-01-27,298.27823575337726
2011-01-28,298.42779477437335
2011-01-29,298.5482241312663
2011-01-30,298.3857485453288
2011-01-31,298.6924680074056
2011-02-01,298.23633193969727
2011-02-02,298.1472517649333
2011-02-03,298.7368284861247
2011-02-04,298.51562372843426
2011-02-05,298.8442096710205
2011-02-06,298.4901828765869
2011-02-07,297.98555183410645
2011-02-08,298.9155807495117
2011-02-09,299.3862705230713
2011-02-10,298.8054625193278
2011-02-11,298.4873053232829
2011-02-12,298.5390141805013
2011-02-13,298.5721778869629
2011-02-14,298.4259560902913
2011-02-15,297.2783851623535
2011-02-16,297.5249532063802
2011-02-17,298.05767885843915
2011-02-18,298.1664301554362
2011-02-19,297.53399022420246
2011-02-20,298.67887115478516
2011-02-21,299.2079334259033
2011-02-22,299.2494894663493
2011-02-23,299.0994052886963
2011-02-24,298.1174259185791
2011-02-25,298.0503126780192
2011-02-26,298.7874190012614
2011-02-27,299.2947470347087
2011-02-28,298.2512149810791
2011-03-01,298.9889163970947
2011-03-02,299.03174273173016
2011-03-03,298.5113410949707
2011-03-04,298.46326700846356
2011-03-05,298.89171600341797
2011-03-06,299.31254895528156
2011-03-07,299.01908111572266
2011-03-08,298.66477966308594
2011-03-09,298.5493590037028
2011-03-10,298.6403745015462
2011-03-11,298.66507784525555
2011-03-12,297.7609157562256
2011-03-13,297.34053166707355
2011-03-14,298.4381332397461
2011-03-15,299.39808082580566
2011-03-16,299.08519490559894
2011-03-17,298.5522282918294
2011-03-18,298.67102813720703
2011-03-19,299.4009068806966
2011-03-20,299.49036979675293
2011-03-21,299.10004870096844
2011-03-22,299.42216873168945
2011-03-23,299.2526512145996
2011-03-24,299.15344556172687
2011-03-25,299.10095342000324
2011-03-26,298.73602231343585
2011-03-27,297.6595986684163
2011-03-28,298.03966585795087
2011-03-29,298.13142077128094
2011-03-30,297.50565401713055
2011-03-31,298.08810297648114
2011-04-01,298.6787986755371
2011-04-02,298.61501693725586
2011-04-03,298.49059677124023
2011-04-04,298.5199368794759
2011-04-05,298.6897080739339
2011-04-06,298.3665765126546
2011-04-07,298.52032470703125
2011-04-08,299.3308556874593
2011-04-09,299.0802942911784
2011-04-10,298.4354419708252
2011-04-11,297.58714294433594
2011-04-12,298.3046067555745
2011-04-13,298.28668848673504
2011-04-14,297.4111442565918
2011-04-15,298.01316769917804
2011-04-16,298.7049668629964
2011-04-17,298.64987564086914
2011-04-18,298.66479873657227
2011-04-19,298.0382359822591
2011-04-20,297.8622449239095
2011-04-21,298.66607602437335
2011-04-22,299.0170364379883
2011-04-23,298.4293098449707
2011-04-24,297.44784228007
2011-04-25,298.74112192789715
2011-04-26,298.41335678100586
2011-04-27,298.06608327229816
2011-04-28,297.1832669576009
2011-04-29,298.3505522410075
2011-04-30,298.6095835367839
2011-05-01,299.77239990234375
2011-05-02,299.79835319519043
2011-05-03,299.78957176208496
2011-05-04,299.1674887339274
2011-05-05,298.8578414916992
2011-05-06,297.5045534769694
2011-05-07,298.55629475911456
2011-05-08,299.6051553090413
2011-05-09,299.46928278605145
2011-05-10,299.1723829905192
2011-05-11,299.00121370951337
2011-05-12,298.7045529683431
2011-05-13,298.2658754984538
2011-05-14,299.0672429402669
2011-05-15,298.7489420572917
2011-05-16,298.99394543965656
2011-05-17,299.1292559305827
2011-05-18,299.1092522939046
2011-05-19,298.9051933288574
2011-05-20,298.9944127400716
2011-05-21,298.76306343078613
2011-05-22,299.22025362650555
2011-05-23,299.69166310628253
2011-05-24,299.7050088246663
2011-05-25,299.2168763478597
2011-05-26,299.0275529225667
2011-05-27,299.5914770762126
2011-05-28,299.5948085784912
2011-05-29,299.69579950968426
2011-05-30,299.9110959370931
2011-05-31,300.16268094380695
2011-06-01,300.55308723449707
2011-06-02,299.843225479126
2011-06-03,299.31296666463214
2011-06-04,298.73727734883624
2011-06-05,299.55609194437665
2011-06-06,299.9044532775879
2011-06-07,298.99380620320636
2011-06-08,299.22057660420734
2011-06-09,299.4601929982503
2011-06-10,299.4973678588867
2011-06-11,299.6838722229004
2011-06-12,299.9081211090088
2011-06-13,299.65625699361163
2011-06-14,299.3319517771403
2011-06-15,299.4955177307129
2011-06-16,300.01718775431317
2011-06-17,299.9986146291097
2011-06-18,299.25196647644043
2011-06-19,299.9435501098633
2011-06-20,299.6780471801758
2011-06-21,299.5466938018799
2011-06-22,299.8854452768962
2011-06-23,299.51098314921063
2011-06-24,298.6495984395345
2011-06-25,299.3129253387451
2011-06-26,299.563201268514
2011-06-27,299.3689816792806
2011-06-28,299.17082532246906
2011-06-29,299.02430089314777
2011-06-30,299.08713150024414
2011-07-01,298.9106553395589
2011-07-02,299.07822545369464
2011-07-03,299.1707992553711
2011-07-04,299.46554311116535
2011-07-05,298.7972062428792
2011-07-06,298.72375615437824
2011-07-07,299.31176884969074
2011-07-08,298.8674907684326
2011-07-09,299.16747601826984
2011-07-10,299.08588282267254
2011-07-11,299.22918065388996
2011-07-12,299.072509765625
2011-07-13,298.9340241750081
2011-07-14,299.4373944600423
2011-07-15,299.55931091308594
2011-07-16,299.5427939097087
2011-07-17,299.35336748758954
2011-07-18,299.1747309366862
2011-07-19,300.4052619934082
2011-07-20,300.0713373819987
2011-07-21,299.76654561360675
2011-07-22,299.8332049051921
2011-07-23,299.81699625651044
2011-07-24,299.2950496673584
2011-07-25,299.2553653717041
2011-07-26,300.1070105234782
2011-07-27,300.0685749053955
2011-07-28,300.0821901957194
2011-07-29,300.64329528808594
2011-07-30,300.5001532236735
2011-07-31,299.57399622599286
2011-08-01,299.7091579437256
2011-08-02,299.128563563029
2011-08-03,299.75462977091473
2011-08-04,299.88191986083984
2011-08-05,300.14999135335285
2011-08-06,299.9760551452637
2011-08-07,299.792760848999
2011-08-08,299.74022547403973
2011-08-09,299.74307441711426
2011-08-10,300.0890579223633
2011-08-11,300.10999997456867
2011-08-12,300.0796349843343
2011-08-13,299.7311725616455
2011-08-14,300.19230524698895
2011-08-15,300.0312207539876
2011-08-16,300.10516866048175
2011-08-17,300.2169901529948
2011-08-18,300.88014793395996
2011-08-19,300.8978741963704
2011-08-20,300.9077955881755
2011-08-21,300.65596771240234
2011-08-22,300.53954124450684
2011-08-23,300.4577229817708
2011-08-24,300.34300867716473
2011-08-25,300.4324296315511
2011-08-26,300.2893149058024
2011-08-27,300.47827275594074
2011-08-28,300.5824343363444
2011-08-29,300.5001792907715
2011-08-30,300.54239718119305
2011-08-31,300.39964930216473
2011-09-01,300.2329966227214
2011-09-02,300.0878709157308
2011-09-03,299.6864700317383
2011-09-04,299.8989454905192
2011-09-05,300.3455123901367
2011-09-06,300.98826599121094
2011-09-07,300.97744433085126
2011-09-08,300.5558389027913
2011-09-09,300.59630584716797
2011-09-10,300.63668696085614
2011-09-11,301.2903423309326
2011-09-12,300.9584611256917
2011-09-13,300.64526240030926
2011-09-14,300.251921971639
2011-09-15,300.37327639261883
2011-09-16,300.60185114542645
2011-09-17,300.7377649943034
2011-09-18,301.1325403849284
2011-09-19,301.24981180826825
2011-09-20,301.2381763458252
2011-09-21,301.50239245096844
2011-09-22,301.62939008076984
2011-09-23,301.43130048116046
2011-09-24,301.5157057444255
2011-09-25,301.5755920410156
2011-09-26,301.1796709696452
2011-09-27,300.8825346628825
2011-09-28,301.06919542948407
2011-09-29,301.0680567423503
2011-09-30,301.14079666137695
2011-10-01,300.90744082132977
2011-10-02,301.07190640767413
2011-10-03,300.9894625345866
2011-10-04,300.89505259195965
2011-10-05,301.18109130859375
2011-10-06,301.5324255625407
2011-10-07,301.47386105855304
2011-10-08,301.4052333831787
2011-10-09,301.6101818084717
2011-10-10,301.4701118469238
2011-10-11,301.6708348592122
2011-10-12,301.6040261586507
2011-10-13,301.05383682250977
2011-10-14,301.61706733703613
2011-10-15,301.32663599650067
2011-10-16,301.4722105662028
2011-10-17,301.7593936920166
2011-10-18,301.5938135782878
2011-10-19,300.98969141642254
2011-10-20,299.0196882883708
2011-10-21,299.5230852762858
2011-10-22,299.98258209228516
2011-10-23,301.29235967000324
2011-10-24,301.2316080729167
2011-10-25,300.8262430826823
2011-10-26,300.9515501658122
2011-10-27,301.0451253255208
2011-10-28,300.40529505411786
2011-10-29,300.01429684956867
2011-10-30,300.6074225107829
2011-10-31,300.58766110738117
2011-11-01,300.58644612630206
2011-11-02,300.3717238108317
2011-11-03,300.5221087137858
2011-11-04,301.4073607126872
2011-11-05,300.8904571533203
2011-11-06,300.2979990641276
2011-11-07,300.43495114644367
2011-11-08,301.21043332417804
2011-11-09,301.25994237263996
2011-11-10,301.3419952392578
2011-11-11,300.95847574869794
2011-11-12,300.9374885559082
2011-11-13,300.2224585215251
2011-11-14,300.6817099253337
2011-11-15,300.95657030741376
2011-11-16,301.0324306488037
2011-11-17,300.9948253631592
2011-11-18,301.2519054412842
2011-11-19,300.80820020039874
2011-11-20,301.0966968536377
2011-11-21,301.24307505289715
2011-11-22,301.32993761698407
2011-11-23,301.0432383219401
2011-11-24,301.32450675964355
2011-11-25,300.88818740844727
2011-11-26,300.26882616678876
2011-11-27,301.1026719411214
2011-11-28,301.30895678202313
2011-11-29,301.2529722849528
2011-11-30,301.29426829020184
2011-12-01,301.20447031656903
2011-12-02,300.1562150319417
2011-12-03,300.78990745544434
2011-12-04,300.88549550374347
2011-12-05,300.93775431315106
2011-12-06,301.5813503265381
2011-12-07,301.11716715494794
2011-12-08,300.8662974039714
2011-12-09,301.23457590738934
2011-12-10,301.2212263743083
2011-12-11,301.2581214904785
2011-12-12,300.98276138305664
2011-12-13,301.1411825815837
2011-12-14,301.00050671895343
2011-12-15,301.46049308776855
2011-12-16,301.5118980407715
2011-12-17,301.16979662577313
2011-12-18,301.20277214050293
2011-12-19,301.48493576049805
2011-12-20,301.0370101928711
2011-12-21,300.9789803822835
2011-12-22,301.13055928548175
2011-12-23,301.5167757670085
2011-12-24,301.4819450378418
2011-12-25,300.7794926961263
2011-12-26,300.6089617411296
2011-12-27,300.7078113555908
2011-12-28,301.02345085144043
2011-12-29,300.625919342041
2011-12-30,300.4790445963542
2011-12-31,300.7221330006917
2012-01-01,300.23827425638837
2012-01-02,300.54063479105633
2012-01-03,300.9127546946208
2012-01-04,300.6153195699056
2012-01-05,299.16379165649414
2012-01-06,299.5825831095378
2012-01-07,300.9575964609782
2012-01-08,300.8491071065267
2012-01-09,300.75966517130536
2012-01-10,300.18771680196124
2012-01-11,300.032185236613
2012-01-12,300.3152084350586
2012-01-13,299.77820205688477
2012-01-14,300.0084107716878
2012-01-15,299.9812005360921
2012-01-16,297.8647931416829
2012-01-17,298.75864092508954
2012-01-18,299.0014483133952
2012-01-19,298.8114407857259
2012-01-20,298.78944333394367
2012-01-21,299.22034708658856
2012-01-22,298.74048550923663
2012-01-23,297.59434000651044
2012-01-24,298.19481150309247
2012-01-25,299.04240163167316
2012-01-26,299.57909202575684
2012-01-27,300.166997273763
2012-01-28,300.2757403055827
2012-01-29,300.3230101267497
2012-01-30,300.03784624735516
2012-01-31,299.6640516916911
2012-02-01,299.9577573140462
2012-02-02,300.695946375529
2012-02-03,300.6813742319743
2012-02-04,300.4649353027344
2012-02-05,300.5716965993245
2012-02-06,300.3293285369873
2012-02-07,299.6160068511963
2012-02-08,298.945063273112
2012-02-09,298.6396999359131
2012-02-10,298.31566492716473
2012-02-11,297.86777750651044
2012-02-12,298.2895978291829
2012-02-13,298.2035160064697
2012-02-14,298.291010538737
2012-02-15,298.2515405019124
2012-02-16,297.86108779907227
2012-02-17,298.07485898335773
2012-02-18,298.58838844299316
2012-02-19,298.46982192993164
2012-02-20,298.71629842122394
2012-02-21,298.854637781779
2012-02-22,298.7813142140706
2012-02-23,298.7387301127116
2012-02-24,298.2149175008138
2012-02-25,297.7664089202881
2012-02-26,297.58165168762207
2012-02-27,297.84807205200195
2012-02-28,298.29430198669434
2012-02-29,298.5083065032959
2012-03-01,298.527873357137
2012-03-02,298.4225718180339
2012-03-03,298.71373621622723
2012-03-04,298.5479056040446
2012-03-05,298.3183186848958
2012-03-06,298.58570798238117
2012-03-07,298.0526301066081
2012-03-08,298.11844635009766
2012-03-09,298.14038530985516
2012-03-10,298.3995927174886
2012-03-11,298.4795487721761
2012-03-12,298.32458941141766
2012-03-13,298.284517288208
2012-03-14,298.4174397786458
2012-03-15,298.6712468465169
2012-03-16,299.0340379079183
2012-03-17,299.1188322703044
2012-03-18,298.8197784423828
2012-03-19,298.3691635131836
2012-03-20,298.2536137898763
2012-03-21,298.1318009694417
2012-03-22,298.68391672770184
2012-03-23,298.84000905354816
2012-03-24,298.8497428894043
2012-03-25,298.661376953125
2012-03-26,298.7518838246663
2012-03-27,298.37228266398114
2012-03-28,297.5964552561442
2012-03-29,298.10941314697266
2012-03-30,298.30766677856445
2012-03-31,299.34410285949707
2012-04-01,299.4053471883138
2012-04-02,299.65486844380695
2012-04-03,299.1541105906169
2012-04-04,299.54924901326496
2012-04-05,299.86469586690265
2012-04-06,299.65804354349774
2012-04-07,299.7239195505778
2012-04-08,299.2062358856201
2012-04-09,298.10029856363934
2012-04-10,298.57794825236004
2012-04-11,299.1891752878825
2012-04-12,299.68572934468585
2012-04-13,299.4785804748535
2012-04-14,299.1560935974121
2012-04-15,299.04751269022626
2012-04-16,298.5770626068115
2012-04-17,298.63771692911786
2012-04-18,299.27149899800617
2012-04-19,299.3826592763265
2012-04-20,299.08491643269855
2012-04-21,299.01222292582196
2012-04-22,299.22449429829913
2012-04-23,298.8036600748698
2012-04-24,299.21491559346515
2012-04-25,299.50605964660645
2012-04-26,299.45899963378906
2012-04-27,299.51960436503094
2012-04-28,299.3300355275472
2012-04-29,299.73370297749835
2012-04-30,300.0699933369954
2012-05-01,299.8624636332194
2012-05-02,299.88132603963214
2012-05-03,299.77141125996906
2012-05-04,299.5458164215088
2012-05-05,299.48522249857587
2012-05-06,299.54207038879395
2012-05-07,299.55690574645996
2012-05-08,299.10764185587567
2012-05-09,299.5510501861572
2012-05-10,299.2777347564697
2012-05-11,298.9349365234375
2012-05-12,298.8971862792969
2012-05-13,299.2302824656169
2012-05-14,299.06728490193683
2012-05-15,299.66590309143066
2012-05-16,299.56041590372723
2012-05-17,299.61026128133136
2012-05-18,299.77543385823566
2012-05-19,299.46454493204754
2012-05-20,299.2310568491618
2012-05-21,299.63316027323407
2012-05-22,299.5546232859294
2012-05-23,299.5314470926921
2012-05-24,299.23925463358563
2012-05-25,299.33088874816895
2012-05-26,299.3649164835612
2012-05-27,299.8363488515218
2012-05-28,299.6446278889974
2012-05-29,299.7021903991699
2012-05-30,300.2087211608887
2012-05-31,300.0174210866292
2012-06-01,300.0253200531006
2012-06-02,299.39034271240234
2012-06-03,298.47860463460285
2012-06-04,299.07928530375165
2012-06-05,299.79096031188965
2012-06-06,300.01293690999347
2012-06-07,300.08471870422363
2012-06-08,299.5573616027832
2012-06-09,299.4922103881836
2012-06-10,299.4567731221517
2012-06-11,299.4724547068278
2012-06-12,299.7008851369222
2012-06-13,299.5269323984782
2012-06-14,299.4195556640625
2012-06-15,299.4742711385091
2012-06-16,299.13988876342773
2012-06-17,299.220645904541
2012-06-18,299.22403271993
2012-06-19,299.38863945007324
2012-06-20,299.18056933085126
2012-06-21,299.1000550587972
2012-06-22,298.68997383117676
2012-06-23,299.3786144256592
2012-06-24,299.1992772420247
2012-06-25,299.10142199198407
2012-06-26,298.49792289733887
2012-06-27,298.49277178446454
2012-06-28,298.6603260040283
2012-06-29,299.0118039449056
2012-06-30,298.9464689890544
2012-07-01,298.89496994018555
2012-07-02,298.6561164855957
2012-07-03,298.4482955932617
2012-07-04,298.6842390696208
2012-07-05,298.4189987182617
2012-07-06,298.78868611653644
2012-07-07,299.10167566935223
2012-07-08,299.37331263224286
2012-07-09,298.3016166687012
2012-07-10,298.9555441538493
2012-07-11,298.9747937520345
2012-07-12,299.19922320048016
2012-07-13,299.2705268859863
2012-07-14,299.417688369751
2012-07-15,299.18165016174316
2012-07-16,299.2913932800293
2012-07-17,299.28787358601886
2012-07-18,299.11253929138184
2012-07-19,299.0674597422282
2012-07-20,299.0613842010498
2012-07-21,299.0836118062337
2012-07-22,298.9433237711589
2012-07-23,299.20313517252606
2012-07-24,299.089386622111
2012-07-25,299.1092414855957
2012-07-26,299.558256149292
2012-07-27,300.0452887217204
2012-07-28,299.69389788309735
2012-07-29,299.7023735046387
2012-07-30,300.0713659922282
2012-07-31,300.3232142130534
2012-08-01,299.91454823811847
2012-08-02,300.2810064951579
2012-08-03,300.08484013875324
2012-08-04,299.5965404510498
2012-08-05,299.7564582824707
2012-08-06,300.02667872111004
2012-08-07,299.82079633076984
2012-08-08,299.20558230082196
2012-08-09,299.60529772440594
2012-08-10,299.72896512349445
2012-08-11,299.3429419199626
2012-08-12,299.4574801127116
2012-08-13,299.97579256693524
2012-08-14,299.5708516438802
2012-08-15,299.3308302561442
2012-08-16,299.8067378997803
2012-08-17,299.86453437805176
2012-08-18,299.9443251291911
2012-08-19,300.5155487060547
2012-08-20,300.08057339986163
2012-08-21,300.2446854909261
2012-08-22,300.0544859568278
2012-08-23,300.05953280131024
2012-08-24,300.13336181640625
2012-08-25,300.27909151713055
2012-08-26,300.2566108703613
2012-08-27,300.3808256785075
2012-08-28,299.9207223256429
2012-08-29,299.8287703196208
2012-08-30,299.96265347798663
2012-08-31,300.14160410563153
2012-09-01,300.3009433746338
2012-09-02,300.13776715596515
2012-09-03,300.24863688151044
2012-09-04,300.63168716430664
2012-09-05,300.40738105773926
2012-09-06,300.2398503621419
2012-09-07,300.31579335530597
2012-09-08,300.2973753611247
2012-09-09,300.5752665201823
2012-09-10,300.41119384765625
2012-09-11,300.38691838582355
2012-09-12,300.67012214660645
2012-09-13,300.2976538340251
2012-09-14,300.43036969502765
2012-09-15,300.41313044230145
2012-09-16,300.62636375427246
2012-09-17,300.6238047281901
2012-09-18,301.0689392089844
2012-09-19,300.62526830037433
2012-09-20,300.6889069875081
2012-09-21,301.0047156016032
2012-09-22,300.526517868042
2012-09-23,300.7119846343994
2012-09-24,300.744914372762
2012-09-25,300.3060353597005
2012-09-26,300.6777509053548
2012-09-27,300.6860357920329
2012-09-28,300.90291531880695
2012-09-29,300.5053946177165
2012-09-30,300.69828605651855
2012-10-01,300.68554560343426
2012-10-02,301.3223133087158
2012-10-03,301.3483130137126
2012-10-04,301.2092863718669
2012-10-05,301.37634722391766
2012-10-06,301.24195226033527
2012-10-07,301.4447441101074
2012-10-08,300.9241237640381
2012-10-09,300.7130317687988
2012-10-10,300.5108451843262
2012-10-11,300.7906856536865
2012-10-12,300.94915262858075
2012-10-13,300.83753140767413
2012-10-14,300.6707178751628
2012-10-15,300.7797565460205
2012-10-16,300.95082410176593
2012-10-17,300.8261127471924
2012-10-18,300.76828447977704
2012-10-19,301.29760042826337
2012-10-20,300.96707089742023
2012-10-21,300.676300684611
2012-10-22,300.96756807963055
2012-10-23,301.3145224253337
2012-10-24,300.82412338256836
2012-10-25,300.9798291524251
2012-10-26,300.83491643269855
2012-10-27,300.820982615153
2012-10-28,300.8249397277832
2012-10-29,300.72397295633954
2012-10-30,301.16145579020184
2012-10-31,301.1727415720622
2012-11-01,301.1568406422933
2012-11-02,301.2480246225993
2012-11-03,300.98577308654785
2012-11-04,300.86977831522626
2012-11-05,301.1338691711426
2012-11-06,301.4133218129476
2012-11-07,301.59247970581055
2012-11-08,301.0215250651042
2012-11-09,300.8152440388997
2012-11-10,301.4141451517741
2012-11-11,301.48891894022626
2012-11-12,301.3750336964925
2012-11-13,301.09790229797363
2012-11-14,301.2429784138997
2012-11-15,301.17449951171875
2012-11-16,301.17385800679523
2012-11-17,301.0783805847168
2012-11-18,301.1060136159261
2012-11-19,300.9047196706136
2012-11-20,300.9638957977295
2012-11-21,301.23320325215656
2012-11-22,301.51032002766925
2012-11-23,301.36213874816895
2012-11-24,301.60139020284015
2012-11-25,301.6631679534912
2012-11-26,301.57751846313477
2012-11-27,301.90050570170087
2012-11-28,301.6498171488444
2012-11-29,301.5485757191976
2012-11-30,298.4810841878255
2012-12-01,298.0443108876546
2012-12-02,300.00833956400555
2012-12-03,300.34280649820965
2012-12-04,300.5758825937907
2012-12-05,300.7335510253906
2012-12-06,300.70557594299316
2012-12-07,299.954408009847
2012-12-08,300.53845532735187
2012-12-09,300.8243808746338
2012-12-10,300.8120969136556
2012-12-11,300.9692783355713
2012-12-12,300.7003860473633
2012-12-13,300.7224934895833
2012-12-14,300.6430969238281
2012-12-15,300.62323570251465
2012-12-16,299.6966241200765
2012-12-17,299.7382043202718
2012-12-18,300.52681096394855
2012-12-19,300.72582626342773
2012-12-20,300.01080258687335
2012-12-21,300.64758745829266
2012-12-22,300.53331820170087
2012-12-23,300.5024178822835
2012-12-24,300.20315106709796
2012-12-25,299.96936289469403
2012-12-26,299.6781762440999
2012-12-27,299.7498149871826
2012-12-28,299.9078934987386
2012-12-29,299.8851903279622
2012-12-30,299.53809547424316
2012-12-31,299.0521240234375
2013-01-01,299.1902033487956
2013-01-02,298.5472577412923
2013-01-03,299.37583414713544
2013-01-04,299.3523356119792
2013-01-05,299.3412043253581
2013-01-06,299.5491600036621
2013-01-07,299.39110374450684
2013-01-08,299.7335007985433
2013-01-09,299.8932285308838
2013-01-10,299.37863222757977
2013-01-11,298.39087613423663
2013-01-12,299.0110664367676
2013-01-13,299.433162689209
2013-01-14,299.36139551798504
2013-01-15,299.3861967722575
2013-01-16,298.8559856414795
2013-01-17,299.2804304758708
2013-01-18,299.57022031148273
2013-01-19,299.5951569875081
2013-01-20,299.87463506062824
2013-01-21,300.04892031351727
2013-01-22,299.95673243204754
2013-01-23,299.6900043487549
2013-01-24,299.5857334136963
2013-01-25,298.1040623982747
2013-01-26,298.9576956431071
2013-01-27,299.40414746602374
2013-01-28,300.08941078186035
2013-01-29,300.23897488911945
2013-01-30,300.1432418823242
2013-01-31,299.80687141418457
2013-02-01,299.6624234517415
2013-02-02,299.2834072113037
2013-02-03,299.3681240081787
2013-02-04,299.8519706726074
2013-02-05,299.6349500020345
2013-02-06,299.39937655131024
2013-02-07,299.2931327819824
2013-02-08,298.8571955362956
2013-02-09,299.0118579864502
2013-02-10,299.25611305236816
2013-02-11,299.29782485961914
2013-02-12,298.085293451945
2013-02-13,297.9886417388916
2013-02-14,298.11839230855304
2013-02-15,299.44274202982587
2013-02-16,298.8056157430013
2013-02-17,298.23712158203125
2013-02-18,298.4673442840576
2013-02-19,298.85815111796063
2013-02-20,298.7502784729004
2013-02-21,299.4682909647624
2013-02-22,299.8836085001628
2013-02-23,299.95498975118
2013-02-24,299.69224484761554
2013-02-25,299.69350242614746
2013-02-26,300.13486671447754
2013-02-27,300.53865178426105
2013-02-28,299.7905527750651
2013-03-01,299.38709831237793
2013-03-02,299.037638982137
2013-03-03,299.3568827311198
2013-03-04,299.3693033854167
2013-03-05,299.30561383565265
2013-03-06,299.0679740905762
2013-03-07,299.3685525258382
2013-03-08,298.76853434244794
2013-03-09,299.37620735168457
2013-03-10,299.8151969909668
2013-03-11,299.95758628845215
2013-03-12,300.0331166585286
2013-03-13,300.116003036499
2013-03-14,300.1835352579753
2013-03-15,299.81905873616535
2013-03-16,299.4915014902751
2013-03-17,299.2158571879069
2013-03-18,299.59483846028644
2013-03-19,298.7518882751465
2013-03-20,297.2079340616862
2013-03-21,298.5393352508545
2013-03-22,299.6094678243001
2013-03-23,299.53650665283203
2013-03-24,298.8873647054036
2013-03-25,298.89838727315265
2013-03-26,299.1541811625163
2013-03-27,299.5722007751465
2013-03-28,300.11889902750653
2013-03-29,298.87951342264813
2013-03-30,297.92272822062176
2013-03-31,298.3710352579753
2013-04-01,299.55278396606445
2013-04-02,299.13458760579425
2013-04-03,299.53753089904785
2013-04-04,299.2670701344808
2013-04-05,299.1296265920003
2013-04-06,298.7193024953206
2013-04-07,299.1283130645752
2013-04-08,299.33147621154785
2013-04-09,299.1821753184001
2013-04-10,299.20532353719074
2013-04-11,298.81779925028485
2013-04-12,299.67691230773926
2013-04-13,300.33522605895996
2013-04-14,300.0212408701579
2013-04-15,299.59514172871906
2013-04-16,299.14835294087726
2013-04-17,298.81471252441406
2013-04-18,298.5401840209961
2013-04-19,297.8976853688558
2013-04-20,297.79425557454425
2013-04-21,297.8564910888672
2013-04-22,298.4575602213542
2013-04-23,298.74538739522296
2013-04-24,298.9248574574788
2013-04-25,299.1014410654704
2013-04-26,298.599302927653
2013-04-27,298.2516434987386
2013-04-28,298.0422782897949
2013-04-29,298.62376912434894
2013-04-30,299.17519696553546
2013-05-01,299.01181411743164
2013-05-02,299.8840802510579
2013-05-03,299.8134129842122
2013-05-04,299.3015734354655
2013-05-05,298.7808488210042
2013-05-06,299.47386233011883
2013-05-07,299.5606346130371
2013-05-08,298.9393876393636
2013-05-09,299.3364944458008
2013-05-10,298.61084238688153
2013-05-11,298.61231740315753
2013-05-12,299.1568374633789
2013-05-13,298.8232790629069
2013-05-14,299.35662269592285
2013-05-15,299.4373194376628
2013-05-16,299.69215710957843
2013-05-17,299.9055639902751
2013-05-18,299.9136842091878
2013-05-19,299.66788037618
2013-05-20,299.51188977559406
2013-05-21,299.21998659769696
2013-05-22,298.8336594899495
2013-05-23,298.80257924397785
2013-05-24,298.1356627146403
2013-05-25,298.83704058329266
2013-05-26,299.1478640238444
2013-05-27,298.8051954905192
2013-05-28,299.32257652282715
2013-05-29,299.99473762512207
2013-05-30,300.0796610514323
2013-05-31,300.21709632873535
2013-06-01,300.3991762797038
2013-06-02,300.36733118693036
2013-06-03,300.1838728586833
2013-06-04,299.6703631083171
2013-06-05,299.2563470204671
2013-06-06,299.0892531077067
2013-06-07,298.8910363515218
2013-06-08,299.2128340403239
2013-06-09,299.14513715108234
2013-06-10,299.71631113688153
2013-06-11,298.7623182932536
2013-06-12,299.1468671162923
2013-06-13,299.6773459116618
2013-06-14,299.83038393656415
2013-06-15,300.01642481486004
2013-06-16,300.0105794270833
2013-06-17,300.00915400187176
2013-06-18,299.8740119934082
2013-06-19,300.0029748280843
2013-06-20,299.7054557800293
2013-06-21,299.5135046641032
2013-06-22,299.59777641296387
2013-06-23,299.4470564524333
2013-06-24,299.60915501912433
2013-06-25,299.8149350484212
2013-06-26,300.0171763102214
2013-06-27,299.85915756225586
2013-06-28,299.5362548828125
2013-06-29,299.6593418121338
2013-06-30,298.54675547281903
2013-07-01,298.94484837849933
2013-07-02,297.65809059143066
2013-07-03,298.6191514333089
2013-07-04,298.35768127441406
2013-07-05,299.1835180918376
2013-07-06,299.4893449147542
2013-07-07,299.6920572916667
2013-07-08,299.11974207560223
2013-07-09,298.9339078267415
2013-07-10,298.77207628885907
2013-07-11,298.7418969472249
2013-07-12,299.40444628397626
2013-07-13,298.3541431427002
2013-07-14,298.2102692921956
2013-07-15,298.93934949239093
2013-07-16,299.0372454325358
2013-07-17,299.37673568725586
2013-07-18,299.6916853586833
2013-07-19,299.5683301289876
2013-07-20,298.62683296203613
2013-07-21,299.3066056569417
2013-07-22,299.4998524983724
2013-07-23,298.48248799641925
2013-07-24,298.22094345092773
2013-07-25,299.0501295725505
2013-07-26,299.8478889465332
2013-07-27,299.54820251464844
2013-07-28,299.2749309539795
2013-07-29,298.66795921325684
2013-07-30,299.1822516123454
2013-07-31,299.36430104573566
2013-08-01,299.40813000996906
2013-08-02,299.8038857777913
2013-08-03,299.94221178690594
2013-08-04,300.00738016764325
2013-08-05,300.19380378723145
2013-08-06,300.04237111409503
2013-08-07,299.3224932352702
2013-08-08,299.46023813883465
2013-08-09,299.71816635131836
2013-08-10,299.89993476867676
2013-08-11,299.8373788197835
2013-08-12,299.65660858154297
2013-08-13,299.782470703125
2013-08-14,299.9596659342448
2013-08-15,299.96972211201984
2013-08-16,299.8360087076823
2013-08-17,299.4619706471761
2013-08-18,299.79780705769855
2013-08-19,299.7016296386719
2013-08-20,299.6132577260335
2013-08-21,299.60372988382977
2013-08-22,299.818655649821
2013-08-23,299.5442422231038
2013-08-24,299.9154745737712
2013-08-25,299.8304322560628
2013-08-26,299.6565405527751
2013-08-27,299.96203295389813
2013-08-28,299.77424176534015
2013-08-29,299.6971886952718
2013-08-30,299.42901674906415
2013-08-31,299.25476201375324
2013-09-01,299.3078861236572
2013-09-02,299.3213431040446
2013-09-03,299.7491289774577
2013-09-04,299.86489550272626
2013-09-05,299.85575612386066
2013-09-06,299.70930163065594
2013-09-07,299.65619977315265
2013-09-08,299.5298817952474
2013-09-09,299.74778938293457
2013-09-10,299.81142298380536
2013-09-11,299.8930034637451
2013-09-12,299.3853047688802
2013-09-13,300.0580940246582
2013-09-14,300.52560488382977
2013-09-15,300.3559907277425
2013-09-16,300.4398930867513
2013-09-17,300.66369438171387
2013-09-18,300.6331272125244
2013-09-19,300.6727466583252
2013-09-20,300.4696044921875
2013-09-21,300.4459451039632
2013-09-22,300.27224858601886
2013-09-23,300.55503209431964
2013-09-24,300.37500190734863
2013-09-25,300.4502124786377
2013-09-26,300.59300422668457
2013-09-27,300.75766626993817
2013-09-28,300.55674934387207
2013-09-29,300.239959081014
2013-09-30,300.28629875183105
2013-10-01,300.4625295003255
2013-10-02,300.43627738952637
2013-10-03,300.8996664683024
2013-10-04,301.0317726135254
2013-10-05,300.5649897257487
2013-10-06,300.5642738342285
2013-10-07,300.52844111124676
2013-10-08,300.2815411885579
2013-10-09,300.31604957580566
2013-10-10,300.52378527323407
2013-10-11,300.7096888224284
2013-10-12,300.64599990844727
2013-10-13,300.92996915181476
2013-10-14,301.31257883707684
2013-10-15,300.8621482849121
2013-10-16,300.5540116628011
2013-10-17,300.781104405721
2013-10-18,300.92119852701825
2013-10-19,300.8490867614746
2013-10-20,300.9768816630046
2013-10-21,300.4589595794678
2013-10-22,301.032034556071
2013-10-23,301.05816141764325
2013-10-24,300.55323600769043
2013-10-25,300.85353406270343
2013-10-26,301.05371411641437
2013-10-27,300.47427558898926
2013-10-28,300.4300429026286
2013-10-29,300.76409276326496
2013-10-30,300.3859182993571
2013-10-31,300.81540807088214
2013-11-01,300.57581520080566
2013-11-02,300.36178652445477
2013-11-03,300.77806091308594
2013-11-04,299.8018856048584
2013-11-05,299.56931432088214
2013-11-06,299.73355356852215
2013-11-07,300.4788055419922
2013-11-08,301.0893961588542
2013-11-09,301.18348693847656
2013-11-10,300.91381645202637
2013-11-11,301.00944964090985
2013-11-12,301.2899570465088
2013-11-13,300.9693183898926
2013-11-14,301.20251846313477
2013-11-15,300.84802118937176
2013-11-16,300.64292971293133
2013-11-17,300.2462863922119
2013-11-18,300.45465660095215
2013-11-19,300.9955463409424
2013-11-20,300.48558235168457
2013-11-21,300.25414339701337
2013-11-22,300.4181423187256
2013-11-23,299.6045207977295
2013-11-24,300.8487777709961
2013-11-25,301.08139101664227
2013-11-26,300.6184590657552
2013-11-27,300.3550332387288
2013-11-28,299.66406695048016
2013-11-29,299.46462059020996
2013-11-30,300.5360329945882
2013-12-01,300.6763636271159
2013-12-02,300.60094261169434
2013-12-03,300.8525155385335
2013-12-04,300.8821341196696
2013-12-05,300.71365292867023
2013-12-06,301.0057309468587
2013-12-07,300.79447682698566
2013-12-08,300.2421677907308
2013-12-09,300.4647909800212
2013-12-10,300.80955505371094
2013-12-11,300.89623006184894
2013-12-12,300.16577339172363
2013-12-13,300.75594965616864
2013-12-14,301.08493423461914
2013-12-15,300.94466336568195
2013-12-16,300.9810218811035
2013-12-17,301.23703956604004
2013-12-18,300.98083686828613
2013-12-19,300.01793479919434
2013-12-20,300.23237228393555
2013-12-21,300.2518736521403
2013-12-22,300.1223780314128
2013-12-23,299.11597124735516
2013-12-24,299.9922103881836
2013-12-25,301.2225405375163
2013-12-26,300.4186255137126
2013-12-27,300.72730255126953
2013-12-28,300.4944076538086
2013-12-29,300.8319574991862
2013-12-30,301.11753781636554
2013-12-31,301.1068998972575
2014-01-01,300.9162349700928
2014-01-02,300.9557228088379
2014-01-03,299.97019068400067
2014-01-04,300.19312858581543
2014-01-05,300.7171325683594
2014-01-06,300.2488606770833
2014-01-07,299.13345019022626
2014-01-08,298.7310047149658
2014-01-09,297.5903727213542
2014-01-10,297.92376708984375
2014-01-11,298.88413492838544
2014-01-12,298.00351842244464
2014-01-13,298.9739252726237
2014-01-14,299.5765673319499
2014-01-15,299.8188190460205
2014-01-16,299.4357674916585
2014-01-17,299.8012472788493
2014-01-18,300.5083700815837
2014-01-19,299.6514809926351
2014-01-20,298.8856493631999
2014-01-21,299.3999137878418
2014-01-22,300.1804205576579
2014-01-23,300.00184631347656
2014-01-24,299.15532302856445
2014-01-25,297.979279200236
2014-01-26,298.3110046386719
2014-01-27,298.3976453145345
2014-01-28,298.5255540211995
2014-01-29,298.2781346638997
2014-01-30,298.6024850209554
2014-01-31,299.3275089263916
2014-02-01,297.77211507161456
2014-02-02,298.22738711039227
2014-02-03,298.26534271240234
2014-02-04,298.7740707397461
2014-02-05,298.30635261535645
2014-02-06,298.15689023335773
2014-02-07,298.6244373321533
2014-02-08,298.6478322347005
2014-02-09,298.7701237996419
2014-02-10,298.84006627400714
2014-02-11,298.2800515492757
2014-02-12,298.25375175476074
2014-02-13,297.86117426554364
2014-02-14,297.60685539245605
2014-02-15,298.13727315266925
2014-02-16,297.2190106709798
2014-02-17,297.9695072174072
2014-02-18,297.85496584574383
2014-02-19,298.00332260131836
2014-02-20,298.01556905110675
2014-02-21,298.76317914326984
2014-02-22,299.12149747212726
2014-02-23,298.67895189921063
2014-02-24,299.18010330200195
2014-02-25,299.4006341298421
2014-02-26,299.495797475179
2014-02-27,299.4183718363444
2014-02-28,299.031530380249
2014-03-01,298.55652300516766
2014-03-02,298.4153022766113
2014-03-03,298.4172700246175
2014-03-04,297.8982531229655
2014-03-05,298.0004876454671
2014-03-06,298.2900155385335
2014-03-07,298.4433822631836
2014-03-08,298.10505930582684
2014-03-09,297.47727330525714
2014-03-10,298.5081367492676
2014-03-11,298.66170438130695
2014-03-12,298.62032318115234
2014-03-13,298.43648592631024
2014-03-14,298.52205022176105
2014-03-15,298.36805470784503
2014-03-16,298.1421750386556
2014-03-17,298.8617916107178
2014-03-18,298.82672754923504
2014-03-19,299.0302257537842
2014-03-20,298.7406749725342
2014-03-21,298.90736198425293
2014-03-22,299.3447977701823
2014-03-23,298.8863995869954
2014-03-24,298.7128842671712
2014-03-25,298.50487963358563
2014-03-26,299.0332895914714
2014-03-27,299.2190799713135
2014-03-28,298.5664399464925
2014-03-29,298.2909304300944
2014-03-30,299.1777814229329
2014-03-31,299.4886048634847
2014-04-01,298.63147926330566
2014-04-02,297.98284848531085
2014-04-03,297.9563337961833
2014-04-04,298.9000250498454
2014-04-05,299.7126871744792
2014-04-06,299.1998297373454
2014-04-07,299.309960047404
2014-04-08,298.6926072438558
2014-04-09,298.3880983988444
2014-04-10,297.86141713460285
2014-04-11,297.22329839070636
2014-04-12,298.4550501505534
2014-04-13,299.2279465993245
2014-04-14,299.7284749348958
2014-04-15,299.42085520426434
2014-04-16,299.37974802652997
2014-04-17,298.8049481709798
2014-04-18,297.777795791626
2014-04-19,297.9206968943278
2014-04-20,298.78517786661786
2014-04-21,298.73721440633136
2014-04-22,299.0190251668294
2014-04-23,299.3058681488037
2014-04-24,299.71774164835614
2014-04-25,299.2020676930745
2014-04-26,299.18363825480145
2014-04-27,298.69482040405273
2014-04-28,298.4491558074951
2014-04-29,298.9141489664714
2014-04-30,298.8862298329671
2014-05-01,298.512513478597
2014-05-02,297.7352517445882
2014-05-03,299.36775334676105
2014-05-04,299.41397857666016
2014-05-05,298.80007489522296
2014-05-06,298.60840034484863
2014-05-07,297.79121017456055
2014-05-08,298.1989008585612
2014-05-09,298.15501976013184
2014-05-10,298.09961636861163
2014-05-11,298.36859067281085
2014-05-12,298.18890444437665
2014-05-13,297.59313011169434
2014-05-14,298.0671844482422
2014-05-15,298.7207660675049
2014-05-16,298.66171709696454
2014-05-17,299.3061815897624
2014-05-18,299.4156856536865
2014-05-19,299.8161277770996
2014-05-20,299.23657099405926
2014-05-21,298.9366334279378
2014-05-22,298.43185869852704
2014-05-23,298.3138116200765
2014-05-24,298.23219235738117
2014-05-25,299.01844851175946
2014-05-26,299.87166595458984
2014-05-27,299.56833330790204
2014-05-28,299.4418239593506
2014-05-29,298.7475763956706
2014-05-30,298.97764015197754
2014-05-31,299.7062568664551
2014-06-01,299.94738642374676
2014-06-02,298.84674135843915
2014-06-03,299.5883337656657
2014-06-04,300.0577252705892
2014-06-05,299.9361489613851
2014-06-06,300.0053227742513
2014-06-07,299.71242078145343
2014-06-08,299.73934809366864
2014-06-09,299.7905464172363
2014-06-10,299.7257823944092
2014-06-11,299.6071313222249
2014-06-12,298.99041748046875
2014-06-13,299.723388671875
2014-06-14,299.44562848409015
2014-06-15,299.1208744049072
2014-06-16,298.9575030008952
2014-06-17,298.6013952891032
2014-06-18,299.1379089355469
2014-06-19,299.2121156056722
2014-06-20,299.05343437194824
2014-06-21,299.2545591990153
2014-06-22,299.0416730244954
2014-06-23,299.51002311706543
2014-06-24,299.7258764902751
2014-06-25,299.0229600270589
2014-06-26,299.1261157989502
2014-06-27,298.6448783874512
2014-06-28,299.1163272857666
2014-06-29,299.1616916656494
2014-06-30,299.27889696757
2014-07-01,299.55729548136395
2014-07-02,299.118101755778
2014-07-03,299.34978739420575
2014-07-04,299.0482749938965
2014-07-05,299.22007942199707
2014-07-06,299.2826067606608
2014-07-07,299.36947441101074
2014-07-08,299.1490364074707
2014-07-09,298.86409823099774
2014-07-10,298.80909093221027
2014-07-11,299.0990676879883
2014-07-12,299.2485694885254
2014-07-13,299.4916744232178
2014-07-14,299.11548105875653
2014-07-15,299.29057629903156
2014-07-16,298.97311210632324
2014-07-17,299.0384578704834
2014-07-18,299.4899444580078
2014-07-19,299.9380512237549
2014-07-20,299.5475336710612
2014-07-21,299.3894621531169
2014-07-22,299.56438128153485
2014-07-23,299.32520548502606
2014-07-24,299.37807019551593
2014-07-25,299.4228916168213
2014-07-26,299.5494867960612
2014-07-27,299.3023039499919
2014-07-28,299.23136075337726
2014-07-29,299.6966667175293
2014-07-30,299.38926188151044
2014-07-31,298.7383410135905
2014-08-01,299.1201655069987
2014-08-02,299.9059549967448
2014-08-03,299.92384147644043
2014-08-04,299.63988304138184
2014-08-05,299.6400343577067
2014-08-06,299.57422065734863
2014-08-07,299.1232515970866
2014-08-08,299.62996164957684
2014-08-09,299.2111924489339
2014-08-10,299.2797959645589
2014-08-11,299.35877736409503
2014-08-12,299.5014470418294
2014-08-13,299.6931324005127
2014-08-14,300.05672899882
2014-08-15,299.73374303181964
2014-08-16,299.9133720397949
2014-08-17,300.4152361551921
2014-08-18,300.4205977121989
2014-08-19,300.9063606262207
2014-08-20,300.6105766296387
2014-08-21,300.07287470499676
2014-08-22,299.93910153706867
2014-08-23,299.70087877909344
2014-08-24,299.3486188252767
2014-08-25,299.7138392130534
2014-08-26,300.2250003814697
2014-08-27,300.2716058095296
2014-08-28,299.7014465332031
2014-08-29,299.85523160298663
2014-08-30,299.57919629414874
2014-08-31,299.5298131306966
2014-09-01,299.7287540435791
2014-09-02,300.1991017659505
2014-09-03,299.89884185791016
2014-09-04,300.1457970937093
2014-09-05,300.1576493581136
2014-09-06,299.7439384460449
2014-09-07,299.25973955790204
2014-09-08,299.8010908762614
2014-09-09,300.0238227844238
2014-09-10,300.2598482767741
2014-09-11,300.3243687947591
2014-09-12,300.51821009318036
2014-09-13,300.69071133931476
2014-09-14,300.30787595113117
2014-09-15,300.60448900858563
2014-09-16,300.21194012959796
2014-09-17,300.3253091176351
2014-09-18,299.88676325480145
2014-09-19,299.7510134379069
2014-09-20,300.44584465026855
2014-09-21,300.50053723653156
2014-09-22,300.3101380666097
2014-09-23,300.5920937856038
2014-09-24,300.7494608561198
2014-09-25,300.56817690531415
2014-09-26,300.5076726277669
2014-09-27,300.8248182932536
2014-09-28,300.93556785583496
2014-09-29,300.904057820638
2014-09-30,300.68588574727374
2014-10-01,300.7506866455078
2014-10-02,300.7552242279053
2014-10-03,300.7027409871419
2014-10-04,300.74798075358075
2014-10-05,300.8133074442546
2014-10-06,301.19104957580566
2014-10-07,300.7057234446208
2014-10-08,300.66011810302734
2014-10-09,300.8346710205078
2014-10-10,300.69015566507977
2014-10-11,300.6036383310954
2014-10-12,300.6740252176921
2014-10-13,300.87899017333984
2014-10-14,301.2618052164714
2014-10-15,301.0896078745524
2014-10-16,300.9164530436198
2014-10-17,300.7794609069824
2014-10-18,300.99313990275067
2014-10-19,300.7338809967041
2014-10-20,300.7697156270345
2014-10-21,300.8018232981364
2014-10-22,301.0271288553874
2014-10-23,300.75318336486816
2014-10-24,300.696008682251
2014-10-25,300.59254773457843
2014-10-26,300.8260898590088
2014-10-27,301.03819465637207
2014-10-28,300.7450199127197
2014-10-29,300.85384368896484
2014-10-30,300.42218653361004
2014-10-31,301.14726130167645
2014-11-01,301.1110420227051
2014-11-02,300.86459159851074
2014-11-03,300.5104185740153
2014-11-04,300.67042477925617
2014-11-05,301.33577791849774
2014-11-06,301.29231961568195
2014-11-07,300.9119580586751
2014-11-08,301.07471402486163
2014-11-09,300.8134765625
2014-11-10,300.8485787709554
2014-11-11,300.9247932434082
2014-11-12,300.7158686319987
2014-11-13,301.11166699727374
2014-11-14,300.6515604654948
2014-11-15,301.1576353708903
2014-11-16,301.06604448954266
2014-11-17,300.62275886535645
2014-11-18,301.0382137298584
2014-11-19,301.21023241678876
2014-11-20,301.1613032023112
2014-11-21,301.2604064941406
2014-11-22,301.2028751373291
2014-11-23,301.5121733347575
2014-11-24,301.3250535329183
2014-11-25,301.27355511983234
2014-11-26,301.2561963399251
2014-11-27,301.572712580363
2014-11-28,300.7565561930339
2014-11-29,300.94392522176105
2014-11-30,300.94438044230145
2014-12-01,301.06873575846356
2014-12-02,301.1620438893636
2014-12-03,300.95179494222003
2014-12-04,300.01745923360187
2014-12-05,299.5888252258301
2014-12-06,300.7481218973796
2014-12-07,300.8835366566976
2014-12-08,300.4358132680257
2014-12-09,300.28576978047687
2014-12-10,300.71072642008465
2014-12-11,301.1672426859538
2014-12-12,300.5739885965983
2014-12-13,300.47243626912433
2014-12-14,300.841942469279
2014-12-15,300.9653097788493
2014-12-16,300.40213139851886
2014-12-17,299.9060306549072
2014-12-18,300.717622756958
2014-12-19,300.8275394439697
2014-12-20,300.42944653828937
2014-12-21,301.42189343770343
2014-12-22,301.0946979522705
2014-12-23,300.94232749938965
2014-12-24,300.61182403564453
2014-12-25,300.8477020263672
2014-12-26,301.1368802388509
2014-12-27,300.5282866160075
2014-12-28,300.6317901611328
2014-12-29,300.6613375345866
2014-12-30,300.11366780598956
2014-12-31,299.45763397216797
2015-01-01,299.9066816965739
2015-01-02,300.2391637166341
2015-01-03,299.8788808186849
2015-01-04,299.2462851206462
2015-01-05,298.36169560750324
2015-01-06,298.9822406768799
2015-01-07,299.2022565205892
2015-01-08,299.28467178344727
2015-01-09,300.1815662384033
2015-01-10,299.79466756184894
2015-01-11,299.47362581888837
2015-01-12,299.8810640970866
2015-01-13,299.5399627685547
2015-01-14,299.76183827718097
2015-01-15,299.59257952372235
2015-01-16,300.3046754201253
2015-01-17,300.2972100575765
2015-01-18,300.4941832224528
2015-01-19,299.8195635477702
2015-01-20,299.45814514160156
2015-01-21,299.95574378967285
2015-01-22,299.7020626068115
2015-01-23,299.12131627400714
2015-01-24,299.7952461242676
2015-01-25,299.291348139445
2015-01-26,299.69160652160645
2015-01-27,299.7520866394043
2015-01-28,299.88739585876465
2015-01-29,300.2079785664876
2015-01-30,300.2660083770752
2015-01-31,300.16652234395343
2015-02-01,299.5018965403239
2015-02-02,298.5637626647949
2015-02-03,298.25513712565106
2015-02-04,298.37503242492676
2015-02-05,298.7863311767578
2015-02-06,299.34416580200195
2015-02-07,298.7782802581787
2015-02-08,298.47644742329913
2015-02-09,298.88280487060547
2015-02-10,299.0443916320801
2015-02-11,299.8739484151204
2015-02-12,300.3922519683838
2015-02-13,300.4443550109863
2015-02-14,300.28119468688965
2015-02-15,300.5699068705241
2015-02-16,300.1091136932373
2015-02-17,299.3398214975993
2015-02-18,298.6556822458903
2015-02-19,298.82568486531574
2015-02-20,299.17139561971027
2015-02-21,298.317725499471
2015-02-22,298.65505917867023
2015-02-23,297.5227699279785
2015-02-24,298.4796454111735
2015-02-25,298.90585962931317
2015-02-26,299.3463331858317
2015-02-27,299.0173797607422
2015-02-28,298.75930976867676
2015-03-01,298.76744016011554
2015-03-02,298.3623053232829
2015-03-03,297.55234972635907
2015-03-04,298.0168851216634
2015-03-05,298.0791543324788
2015-03-06,297.33560943603516
2015-03-07,297.85390790303546
2015-03-08,298.7120297749837
2015-03-09,299.20795885721844
2015-03-10,297.86197725931805
2015-03-11,298.194865544637
2015-03-12,298.81643358866376
2015-03-13,299.38475227355957
2015-03-14,299.1492869059245
2015-03-15,299.23619842529297
2015-03-16,298.74663734436035
2015-03-17,298.77454376220703
2015-03-18,298.55014483133954
2015-03-19,298.717825571696
2015-03-20,297.4664446512858
2015-03-21,298.1689688364665
2015-03-22,298.47670618693036
2015-03-23,298.0562089284261
2015-03-24,298.9885997772217
2015-03-25,298.62346776326496
2015-03-26,298.87707328796387
2015-03-27,299.2444928487142
2015-03-28,299.1749375661214
2015-03-29,299.71108373006183
2015-03-30,299.24010976155597
2015-03-31,299.3499298095703
2015-04-01,298.6017100016276
2015-04-02,298.12148157755536
2015-04-03,299.4071095784505
2015-04-04,299.4559580485026
2015-04-05,298.45869127909344
2015-04-06,297.9884084065755
2015-04-07,298.43603197733563
2015-04-08,298.53916867574054
2015-04-09,298.33199882507324
2015-04-10,298.42724355061847
2015-04-11,298.6280574798584
2015-04-12,297.7115313212077
2015-04-13,298.33683586120605
2015-04-14,298.17026201883954
2015-04-15,298.3976593017578
2015-04-16,298.8622792561849
2015-04-17,298.9312260945638
2015-04-18,298.80273119608563
2015-04-19,298.61380767822266
2015-04-20,298.82073402404785
2015-04-21,299.5583324432373
2015-04-22,298.9308274586995
2015-04-23,298.9787947336833
2015-04-24,298.8079376220703
2015-04-25,298.78972880045575
2015-04-26,298.7603232065837
2015-04-27,298.92094294230145
2015-04-28,299.1928253173828
2015-04-29,299.146931330363
2015-04-30,298.98261578877765
2015-05-01,299.07198333740234
2015-05-02,298.9306392669678
2015-05-03,298.228567759196
2015-05-04,298.2307872772217
2015-05-05,298.9629306793213
2015-05-06,299.1187973022461
2015-05-07,298.5946407318115
2015-05-08,298.83748118082684
2015-05-09,299.0983416239421
2015-05-10,299.1689109802246
2015-05-11,300.03927675882977
2015-05-12,300.2167828877767
2015-05-13,300.25096702575684
2015-05-14,300.16426912943524
2015-05-15,299.14975611368817
2015-05-16,299.80787086486816
2015-05-17,299.85558064778644
2015-05-18,299.2936019897461
2015-05-19,298.67545318603516
2015-05-20,299.14708201090497
2015-05-21,299.3626003265381
2015-05-22,300.22509956359863
2015-05-23,299.761962890625
2015-05-24,299.241361618042
2015-05-25,299.26424471537274
2015-05-26,298.9445400238037
2015-05-27,299.0367965698242
2015-05-28,299.1954714457194
2015-05-29,299.8882376352946
2015-05-30,300.17760785420734
2015-05-31,300.03148142496747
2015-06-01,299.58796374003094
2015-06-02,299.7220999399821
2015-06-03,299.69312222798663
2015-06-04,299.6347408294678
2015-06-05,298.85557047526044
2015-06-06,299.0747235616048
2015-06-07,299.562983194987
2015-06-08,299.43787892659503
2015-06-09,299.3299560546875
2015-06-10,298.9971644083659
2015-06-11,299.18016052246094
2015-06-12,299.0342534383138
2015-06-13,299.38751157124835
2015-06-14,299.85606447855633
2015-06-15,299.99485969543457
2015-06-16,299.83279609680176
2015-06-17,299.90063158671063
2015-06-18,299.697478612264
2015-06-19,300.0841821034749
2015-06-20,299.7348798116048
2015-06-21,299.3378671010335
2015-06-22,298.82134437561035
2015-06-23,298.8879114786784
2015-06-24,299.59072494506836
2015-06-25,299.4111976623535
2015-06-26,298.84399604797363
2015-06-27,299.08408228556317
2015-06-28,299.4271647135417
2015-06-29,299.201447168986
2015-06-30,299.41503143310547
2015-07-01,299.29301198323566
2015-07-02,298.9836603800456
2015-07-03,298.9511235555013
2015-07-04,299.34765434265137
2015-07-05,299.6821180979411
2015-07-06,299.3271058400472
2015-07-07,299.05678304036456
2015-07-08,299.4166768391927
2015-07-09,299.69975598653156
2015-07-10,299.9340534210205
2015-07-11,300.01813252766925
2015-07-12,299.87755584716797
2015-07-13,299.9259497324626
2015-07-14,299.9384180704753
2015-07-15,300.3753579457601
2015-07-16,300.3384927113851
2015-07-17,300.02498118082684
2015-07-18,299.5420506795247
2015-07-19,299.16879018147785
2015-07-20,299.9566872914632
2015-07-21,300.1448033650716
2015-07-22,299.7413756052653
2015-07-23,299.1539789835612
2015-07-24,299.050355275472
2015-07-25,298.7864627838135
2015-07-26,298.97690137227374
2015-07-27,299.04020563761395
2015-07-28,299.5940469106038
2015-07-29,299.22973887125653
2015-07-30,299.5908482869466
2015-07-31,299.7040316263835
2015-08-01,300.1310348510742
2015-08-02,300.3452726999919
2015-08-03,300.1120128631592
2015-08-04,299.632713953654
2015-08-05,300.0797182718913
2015-08-06,299.8224868774414
2015-08-07,299.88595644632977
2015-08-08,300.05920791625977
2015-08-09,300.2293707529704
2015-08-10,300.1316776275635
2015-08-11,300.094580968221
2015-08-12,300.23526700337726
2015-08-13,300.22587458292645
2015-08-14,300.5604050954183
2015-08-15,300.68914222717285
2015-08-16,300.7235577901204
2015-08-17,300.4525369008382
2015-08-18,300.8605899810791
2015-08-19,300.91781679789227
2015-08-20,300.5233262379964
2015-08-21,300.54012870788574
2015-08-22,300.4459228515625
2015-08-23,300.3245595296224
2015-08-24,300.3891830444336
2015-08-25,300.445499420166
2015-08-26,300.69213485717773
2015-08-27,300.3927758534749
2015-08-28,300.74259185791016
2015-08-29,300.3911418914795
2015-08-30,300.76581954956055
2015-08-31,300.2977606455485
2015-09-01,300.90687878926593
2015-09-02,300.7423960367839
2015-09-03,300.844290415446
2015-09-04,300.82091013590497
2015-09-05,301.03532727559406
2015-09-06,300.9287001291911
2015-09-07,300.5870005289714
2015-09-08,300.6176242828369
2015-09-09,300.86875406901044
2015-09-10,300.917521794637
2015-09-11,300.3653481801351
2015-09-12,300.89939816792804
2015-09-13,300.95449765523273
2015-09-14,300.5967140197754
2015-09-15,300.6026382446289
2015-09-16,301.0420792897542
2015-09-17,301.60803349812824
2015-09-18,301.32226117451984
2015-09-19,301.4783058166504
2015-09-20,301.20373407999676
2015-09-21,301.0445969899495
2015-09-22,300.94457817077637
2015-09-23,301.0194892883301
2015-09-24,301.4835688273112
2015-09-25,301.17798805236816
2015-09-26,300.8650665283203
2015-09-27,300.9492613474528
2015-09-28,300.77288246154785
2015-09-29,300.9419002532959
2015-09-30,301.24116134643555
2015-10-01,301.16333452860516
2015-10-02,301.55942980448407
2015-10-03,301.2723439534505
2015-10-04,301.6693757375081
2015-10-05,301.54146639506024
2015-10-06,301.444029490153
2015-10-07,301.65572865804035
2015-10-08,301.7153383890788
2015-10-09,301.46012687683105
2015-10-10,301.4079106648763
2015-10-11,301.72125307718915
2015-10-12,301.39569727579754
2015-10-13,301.7336317698161
2015-10-14,301.29390652974445
2015-10-15,301.30553181966144
2015-10-16,301.91094398498535
2015-10-17,301.37403043111163
2015-10-18,301.23053042093915
2015-10-19,301.2007764180501
2015-10-20,301.07684834798175
2015-10-21,301.4765510559082
2015-10-22,301.61933517456055
2015-10-23,301.86632919311523
2015-10-24,301.867530186971
2015-10-25,301.73319180806476
2015-10-26,301.2607955932617
2015-10-27,301.4097671508789
2015-10-28,301.3433380126953
2015-10-29,301.4741865793864
2015-10-30,301.45050112406415
2015-10-31,301.42208035786945
2015-11-01,301.8223336537679
2015-11-02,301.42296981811523
2015-11-03,301.20960934956867
2015-11-04,301.566162109375
2015-11-05,301.57557678222656
2015-11-06,301.36813799540204
2015-11-07,301.24421246846515
2015-11-08,301.6021906534831
2015-11-09,302.0470994313558
2015-11-10,301.72340456644696
2015-11-11,301.2506694793701
2015-11-12,301.4131425221761
2015-11-13,301.4288730621338
2015-11-14,301.88769658406574
2015-11-15,301.56429354349774
2015-11-16,300.64792887369794
2015-11-17,301.1792812347412
2015-11-18,301.4442793528239
2015-11-19,301.1245988210042
2015-11-20,301.15536371866864
2015-11-21,301.7022768656413
2015-11-22,301.4308452606201
2015-11-23,301.62464269002277
2015-11-24,301.76414171854657
2015-11-25,301.69469515482587
2015-11-26,301.86704953511554
2015-11-27,301.52649943033856
2015-11-28,301.36373138427734
2015-11-29,301.87529309590656
2015-11-30,302.0506712595622
2015-12-01,302.42774200439453
2015-12-02,302.37430000305176
2015-12-03,301.8571770985921
2015-12-04,301.3601983388265
2015-12-05,300.9364865620931
2015-12-06,300.70359166463214
2015-12-07,301.41835339864093
2015-12-08,301.4927094777425
2015-12-09,300.78223673502606
2015-12-10,301.01467831929523
2015-12-11,300.51475779215497
2015-12-12,301.68054326375324
2015-12-13,300.7505995432536
2015-12-14,300.7880217234294
2015-12-15,300.904094060262
2015-12-16,300.94372431437176
2015-12-17,300.75300153096515
2015-12-18,300.8325303395589
2015-12-19,301.2230230967204
2015-12-20,301.2470137278239
2015-12-21,300.46352195739746
2015-12-22,301.1896858215332
2015-12-23,301.20862770080566
2015-12-24,301.13723882039386
2015-12-25,301.21135965983075
2015-12-26,300.56933212280273
2015-12-27,300.81540552775067
2015-12-28,300.7650852203369
2015-12-29,301.64135551452637
2015-12-30,301.02851422627765
2015-12-31,300.5067017873128
2016-01-01,300.2109731038411
2016-01-02,300.64133008321124
2016-01-03,300.7500120798747
2016-01-04,300.73613357543945
2016-01-05,300.5282122294108
2016-01-06,300.1598885854085
2016-01-07,299.96052233378094
2016-01-08,300.3279151916504
2016-01-09,300.21261405944824
2016-01-10,299.88961855570477
2016-01-11,300.1590410868327
2016-01-12,300.27775891621906
2016-01-13,300.37563069661456
2016-01-14,300.3394374847412
2016-01-15,300.5502478281657
2016-01-16,300.9683774312337
2016-01-17,300.7738857269287
2016-01-18,300.9100755055745
2016-01-19,300.8844623565674
2016-01-20,300.3544330596924
2016-01-21,300.55917803446454
2016-01-22,300.1775868733724
2016-01-23,300.26200739542645
2016-01-24,300.18804423014325
2016-01-25,299.844544728597
2016-01-26,298.92851638793945
2016-01-27,297.8931293487549
2016-01-28,298.4393850962321
2016-01-29,298.0784492492676
2016-01-30,298.0483048756917
2016-01-31,299.0053946177165
2016-02-01,298.63761202494305
2016-02-02,298.3685181935628
2016-02-03,298.1596209208171
2016-02-04,298.4990984598796
2016-02-05,298.73770968119305
2016-02-06,298.8697986602783
2016-02-07,299.4939816792806
2016-02-08,299.88221104939777
2016-02-09,300.60675621032715
2016-02-10,299.7691300710042
2016-02-11,299.73351796468097
2016-02-12,299.1521250406901
2016-02-13,299.07192675272626
2016-02-14,299.06787236531574
2016-02-15,299.7726523081462
2016-02-16,299.45136706034344
2016-02-17,299.85647201538086
2016-02-18,299.6987584431966
2016-02-19,299.6790949503581
2016-02-20,299.5146954854329
2016-02-21,299.62572860717773
2016-02-22,300.3428274790446
2016-02-23,300.3589611053467
2016-02-24,299.8360239664714
2016-02-25,299.52202288309735
2016-02-26,299.0090668996175
2016-02-27,299.39878781636554
2016-02-28,299.7240517934163
2016-02-29,299.83952204386395
2016-03-01,299.61235364278156
2016-03-02,298.82362111409503
2016-03-03,299.6156641642253
2016-03-04,300.1649392445882
2016-03-05,300.05304527282715
2016-03-06,299.64315541585285
2016-03-07,299.5042889912923
2016-03-08,298.91565322875977
2016-03-09,298.88281440734863
2016-03-10,297.8227876027425
2016-03-11,298.3326555887858
2016-03-12,299.50610605875653
2016-03-13,299.7759246826172
2016-03-14,299.8159764607747
2016-03-15,299.4491144816081
2016-03-16,298.74609375
2016-03-17,299.5907554626465
2016-03-18,299.51421483357746
2016-03-19,299.44762166341144
2016-03-20,299.6072718302409
2016-03-21,299.8462314605713
2016-03-22,300.1477057139079
2016-03-23,299.3031489054362
2016-03-24,299.21611467997235
2016-03-25,299.8531665802002
2016-03-26,299.99116706848145
2016-03-27,299.4898459116618
2016-03-28,299.2452640533447
2016-03-29,298.6125017801921
2016-03-30,299.4502925872803
2016-03-31,299.4221617380778
2016-04-01,299.05834770202637
2016-04-02,298.0767567952474
2016-04-03,298.5330053965251
2016-04-04,300.2535394032796
2016-04-05,299.84550285339355
2016-04-06,299.6808452606201
2016-04-07,299.8555653889974
2016-04-08,299.68967056274414
2016-04-09,299.5079936981201
2016-04-10,299.209628423055
2016-04-11,299.1870034535726
2016-04-12,298.9915599822998
2016-04-13,298.9264850616455
2016-04-14,299.9251511891683
2016-04-15,299.9136899312337
2016-04-16,300.14006423950195
2016-04-17,300.3412456512451
2016-04-18,299.26473299662274
2016-04-19,298.9603850046794
2016-04-20,300.38134638468426
2016-04-21,300.2299041748047
2016-04-22,300.0530427296956
2016-04-23,299.58791160583496
2016-04-24,299.88538551330566
2016-04-25,300.635679880778
2016-04-26,300.6157824198405
2016-04-27,300.65679423014325
2016-04-28,300.6621793111165
2016-04-29,300.2612673441569
2016-04-30,299.7209669748942
2016-05-01,299.6356201171875
2016-05-02,299.70985476175946
2016-05-03,299.93893877665204
2016-05-04,299.57780329386395
2016-05-05,299.398894627889
2016-05-06,300.4509925842285
2016-05-07,300.7675317128499
2016-05-08,299.6405614217122
2016-05-09,299.9627507527669
2016-05-10,299.6836738586426
2016-05-11,300.08641624450684
2016-05-12,300.1261049906413
2016-05-13,300.1920356750488
2016-05-14,300.4568697611491
2016-05-15,300.60378583272296
2016-05-16,300.4680862426758
2016-05-17,300.38049062093097
2016-05-18,300.8565317789714
2016-05-19,300.98054122924805
2016-05-20,300.64717229207355
2016-05-21,300.3256498972575
2016-05-22,300.5705788930257
2016-05-23,300.4720681508382
2016-05-24,300.87905565897626
2016-05-25,300.87136205037433
2016-05-26,300.3573633829753
2016-05-27,299.65368906656903
2016-05-28,299.89940071105957
2016-05-29,300.3720359802246
2016-05-30,300.41908327738446
2016-05-31,299.6211910247803
2016-06-01,299.8933900197347
2016-06-02,300.56358591715497
2016-06-03,300.6342067718506
2016-06-04,300.5359477996826
2016-06-05,300.0164273579915
2016-06-06,300.3170878092448
2016-06-07,300.2309799194336
2016-06-08,299.8524932861328
2016-06-09,299.7141749064128
2016-06-10,300.03834025065106
2016-06-11,299.92823791503906
2016-06-12,299.6338195800781
2016-06-13,299.44381777445477
2016-06-14,299.4515972137451
2016-06-15,299.8531443277995
2016-06-16,300.0382588704427
2016-06-17,299.00740305582684
2016-06-18,299.0456549326579
2016-06-19,299.2644036610921
2016-06-20,299.2707227071126
2016-06-21,299.1589291890462
2016-06-22,299.0746103922526
2016-06-23,298.70054880777997
2016-06-24,299.3866024017334
2016-06-25,299.37872314453125
2016-06-26,299.6291853586833
2016-06-27,299.9363606770833
2016-06-28,299.65443483988446
2016-06-29,299.952387491862
2016-06-30,300.4217891693115
2016-07-01,300.10807100931805
2016-07-02,300.2394536336263
2016-07-03,300.0568021138509
2016-07-04,299.5680955251058
2016-07-05,299.68307876586914
2016-07-06,299.6167990366618
2016-07-07,299.4264163970947
2016-07-08,299.39381726582843
2016-07-09,299.6017360687256
2016-07-10,299.19704755147296
2016-07-11,299.3709551493327
2016-07-12,299.9945583343506
2016-07-13,300.0460611979167
2016-07-14,299.85552978515625
2016-07-15,300.15014839172363
2016-07-16,300.3556772867839
2016-07-17,299.9461924235026
2016-07-18,299.59092712402344
2016-07-19,299.6192200978597
2016-07-20,299.5138460795085
2016-07-21,299.74897956848145
2016-07-22,299.99993832906085
2016-07-23,300.2044677734375
2016-07-24,300.4458401997884
2016-07-25,299.927214940389
2016-07-26,299.9393946329753
2016-07-27,300.07389132181805
2016-07-28,300.1243146260579
2016-07-29,299.69103749593097
2016-07-30,299.9101740519206
2016-07-31,299.9826831817627
2016-08-01,300.54788398742676
2016-08-02,300.8311831156413
2016-08-03,300.5020497639974
2016-08-04,300.409917195638
2016-08-05,300.52161916097003
2016-08-06,300.3352591196696
2016-08-07,300.4662342071533
2016-08-08,300.58094215393066
2016-08-09,300.74020449320477
2016-08-10,300.5421835581462
2016-08-11,300.368803024292
2016-08-12,300.31407928466797
2016-08-13,300.14596303304035
2016-08-14,300.01473744710285
2016-08-15,300.3278001149495
2016-08-16,300.4497439066569
2016-08-17,300.3904323577881
2016-08-18,300.64841334025067
2016-08-19,300.4109636942546
2016-08-20,300.4970563252767
2016-08-21,300.4667313893636
2016-08-22,300.86306953430176
2016-08-23,300.5910949707031
2016-08-24,300.02778816223145
2016-08-25,300.4269790649414
2016-08-26,300.251366297404
2016-08-27,300.31011327107746
2016-08-28,300.447852452596
2016-08-29,300.65883763631183
2016-08-30,300.690865834554
2016-08-31,301.012503306071
2016-09-01,300.8856258392334
2016-09-02,300.66946601867676
2016-09-03,300.64282608032227
2016-09-04,300.7144521077474
2016-09-05,300.7828534444173
2016-09-06,300.8032595316569
2016-09-07,300.64755121866864
2016-09-08,300.1629950205485
2016-09-09,300.2653751373291
2016-09-10,300.51002438863117
2016-09-11,300.88133748372394
2016-09-12,301.0598996480306
2016-09-13,300.8309466044108
2016-09-14,300.8491547902425
2016-09-15,301.0795135498047
2016-09-16,301.2677853902181
2016-09-17,301.0133762359619
2016-09-18,300.53946050008136
2016-09-19,300.66205978393555
2016-09-20,300.63824399312335
2016-09-21,300.6445376078288
2016-09-22,300.8766231536865
2016-09-23,301.1696370442708
2016-09-24,300.75454648335773
2016-09-25,300.6405658721924
2016-09-26,300.6193618774414
2016-09-27,301.2610098520915
2016-09-28,301.31824747721356
2016-09-29,300.6906490325928
2016-09-30,300.7868512471517
2016-10-01,301.12766965230304
2016-10-02,300.7473850250244
2016-10-03,301.23679606119794
2016-10-04,301.05273882548016
2016-10-05,300.90420468648273
2016-10-06,300.2190106709798
2016-10-07,301.28728675842285
2016-10-08,301.39875920613605
2016-10-09,301.8775221506755
2016-10-10,301.5207297007243
2016-10-11,301.4979248046875
2016-10-12,301.18630663553876
2016-10-13,302.15526962280273
2016-10-14,301.8783639272054
2016-10-15,301.55639330546063
2016-10-16,301.25054295857746
2016-10-17,301.30244700113934
2016-10-18,301.2816473642985
2016-10-19,301.4388821919759
2016-10-20,301.39205805460614
2016-10-21,301.38196245829266
2016-10-22,301.32117017110187
2016-10-23,301.23952611287433
2016-10-24,300.7523765563965
2016-10-25,301.14895311991376
2016-10-26,301.14663251241046
2016-10-27,301.2674808502197
2016-10-28,301.45511563618976
2016-10-29,301.11217816670734
2016-10-30,300.9097849527995
2016-10-31,300.9590180714925
2016-11-01,301.1573836008708
2016-11-02,301.706018447876
2016-11-03,301.54927889506024
2016-11-04,302.0168972015381
2016-11-05,301.5996964772542
2016-11-06,301.41946347554523
2016-11-07,301.17420387268066
2016-11-08,301.2239621480306
2016-11-09,301.28604825337726
2016-11-10,300.95204162597656
2016-11-11,301.2399202982585
2016-11-12,301.47567431132
2016-11-13,300.7029177347819
2016-11-14,301.3236389160156
2016-11-15,301.32781918843585
2016-11-16,301.71089299519855
2016-11-17,301.9428475697835
2016-11-18,301.6521110534668
2016-11-19,301.19210879007977
2016-11-20,301.48714383443195
2016-11-21,301.59507687886554
2016-11-22,301.62755584716797
2016-11-23,301.50512250264484
2016-11-24,301.5557231903076
2016-11-25,301.39846928914386
2016-11-26,301.23418680826825
2016-11-27,301.42376200358075
2016-11-28,301.4106852213542
2016-11-29,301.11770184834796
2016-11-30,300.9201240539551
2016-12-01,301.143404006958
2016-12-02,301.1935011545817
2016-12-03,301.17682456970215
2016-12-04,301.2093906402588
2016-12-05,300.9382559458415
2016-12-06,301.03415298461914
2016-12-07,301.1339702606201
2016-12-08,301.3063430786133
2016-12-09,301.3471851348877
2016-12-10,301.49229621887207
2016-12-11,301.20770772298175
2016-12-12,301.12410163879395
2016-12-13,300.47462526957196
2016-12-14,300.5915355682373
2016-12-15,300.83886273701984
2016-12-16,300.72844314575195
2016-12-17,300.79985364278156
2016-12-18,299.4084358215332
2016-12-19,297.19029808044434
2016-12-20,298.91063435872394
2016-12-21,299.7453899383545
2016-12-22,300.5040925343831
2016-12-23,299.3822937011719
2016-12-24,299.19344838460285
2016-12-25,299.16698773701984
2016-12-26,299.7974338531494
2016-12-27,300.02365430196124
2016-12-28,300.44005648295087
2016-12-29,300.09681193033856
2016-12-30,300.01263936360675
2016-12-31,299.7010084788005
2017-01-01,299.0723997751872
2017-01-02,298.7377166748047
2017-01-03,298.95132700602215
2017-01-04,299.4439633687337
2017-01-05,299.6634330749512
2017-01-06,299.4556001027425
2017-01-07,299.2344315846761
2017-01-08,298.9398447672526
2017-01-09,297.9115842183431
2017-01-10,298.12263679504395
2017-01-11,298.87696329752606
2017-01-12,298.7963447570801
2017-01-13,299.1250642140706
2017-01-14,298.5193456013997
2017-01-15,298.4834696451823
2017-01-16,298.98654619852704
2017-01-17,299.00618807474774
2017-01-18,297.88046328226727
2017-01-19,298.4633452097575
2017-01-20,299.69143931070965
2017-01-21,299.6150258382161
2017-01-22,299.703821182251
2017-01-23,299.4985707600911
2017-01-24,298.490026473999
2017-01-25,298.0691916147868
2017-01-26,299.35408147176105
2017-01-27,299.3421548207601
2017-01-28,299.38867886861163
2017-01-29,299.31944783528644
2017-01-30,299.5224615732829
2017-01-31,298.8569113413493
2017-02-01,297.9373944600423
2017-02-02,298.3822275797526
2017-02-03,298.8995354970296
2017-02-04,299.7546755472819
2017-02-05,299.9608669281006
2017-02-06,299.89466285705566
2017-02-07,299.1004123687744
2017-02-08,298.690237681071
2017-02-09,298.50122769673663
2017-02-10,298.2812747955322
2017-02-11,297.86692237854004
2017-02-12,297.633887608846
2017-02-13,297.3601722717285
2017-02-14,298.7514877319336
2017-02-15,299.44257672627765
2017-02-16,298.46214548746747
2017-02-17,298.7649173736572
2017-02-18,297.51369349161786
2017-02-19,298.26340738932294
2017-02-20,298.22961298624676
2017-02-21,298.7998383839925
2017-02-22,299.18656794230145
2017-02-23,299.57215309143066
2017-02-24,299.3804461161296
2017-02-25,298.99489402770996
2017-02-26,298.5393702189128
2017-02-27,298.9507007598877
2017-02-28,298.50639724731445
2017-03-01,297.7028471628825
2017-03-02,298.3230463663737
2017-03-03,298.9714291890462
2017-03-04,299.0552177429199
2017-03-05,299.2434336344401
2017-03-06,299.5518143971761
2017-03-07,299.3497823079427
2017-03-08,298.87342580159503
2017-03-09,298.9880962371826
2017-03-10,297.7225818634033
2017-03-11,298.08514340718585
2017-03-12,298.14016405741376
2017-03-13,298.09407869974774
2017-03-14,298.235746383667
2017-03-15,297.8233807881673
2017-03-16,297.6890786488851
2017-03-17,297.62433369954425
2017-03-18,298.3836917877197
2017-03-19,299.2799708048503
2017-03-20,299.1685562133789
2017-03-21,298.7510121663411
2017-03-22,298.6005051930745
2017-03-23,298.85641797383624
2017-03-24,298.7473894755046
2017-03-25,298.45905113220215
2017-03-26,297.7072302500407
2017-03-27,298.57992426554364
2017-03-28,298.84557660420734
2017-03-29,299.664452234904
2017-03-30,299.5039869944255
2017-03-31,299.13945325215656
2017-04-01,299.1589069366455
2017-04-02,298.3598569234212
2017-04-03,298.4239813486735
2017-04-04,298.2182032267253
2017-04-05,298.9974422454834
2017-04-06,299.0333716074626
2017-04-07,299.46979395548504
2017-04-08,299.59727414449054
2017-04-09,299.2126458485921
2017-04-10,299.3071829477946
2017-04-11,299.00461196899414
2017-04-12,298.68912569681805
2017-04-13,299.29489771525067
2017-04-14,299.0867042541504
2017-04-15,298.8019618988037
2017-04-16,298.76848729451496
2017-04-17,298.9540278116862
2017-04-18,299.321621576945
2017-04-19,299.62945556640625
2017-04-20,298.8589496612549
2017-04-21,299.5934772491455
2017-04-22,298.8320369720459
2017-04-23,299.31971740722656
2017-04-24,299.2686945597331
2017-04-25,299.3440297444661
2017-04-26,299.6441338857015
2017-04-27,299.8368282318115
2017-04-28,299.36778831481934
2017-04-29,298.59943199157715
2017-04-30,298.78955078125
2017-05-01,299.4280713399251
2017-05-02,298.4123770395915
2017-05-03,299.0457127888997
2017-05-04,299.11065101623535
2017-05-05,299.21436309814453
2017-05-06,299.7764886220296
2017-05-07,299.8672784169515
2017-05-08,300.11243057250977
2017-05-09,299.41536712646484
2017-05-10,298.1827818552653
2017-05-11,299.0038242340088
2017-05-12,298.7888774871826
2017-05-13,299.96867116292316
2017-05-14,300.21762402852374
2017-05-15,300.16703669230145
2017-05-16,300.2783374786377
2017-05-17,300.2880509694417
2017-05-18,300.29383913675946
2017-05-19,299.9308427174886
2017-05-20,300.271977742513
2017-05-21,300.68831062316895
2017-05-22,300.82511075337726
2017-05-23,300.33197657267254
2017-05-24,300.0154062906901
2017-05-25,300.32813199361163
2017-05-26,300.2718041737874
2017-05-27,299.5740032196045
2017-05-28,299.47960662841797
2017-05-29,299.1372178395589
2017-05-30,299.3505344390869
2017-05-31,299.1811943054199
2017-06-01,299.66043027242023
2017-06-02,300.2271277109782
2017-06-03,300.33759117126465
2017-06-04,300.56091499328613
2017-06-05,300.26514116923016
2017-06-06,300.26611010233563
2017-06-07,300.7606951395671
2017-06-08,300.7453734079997
2017-06-09,300.584415435791
2017-06-10,299.95352427164715
2017-06-11,299.28236961364746
2017-06-12,299.7742398579915
2017-06-13,300.26408704121906
2017-06-14,300.05437024434406
2017-06-15,299.7822634379069
2017-06-16,299.7583357493083
2017-06-17,299.82690111796063
2017-06-18,299.90901311238605
2017-06-19,299.9839394887288
2017-06-20,299.5552870432536
2017-06-21,299.54624303181964
2017-06-22,299.5931879679362
2017-06-23,299.9508698781331
2017-06-24,299.9171422322591
2017-06-25,299.1855716705322
2017-06-26,299.6066157023112
2017-06-27,299.3910541534424
2017-06-28,298.90563011169434
2017-06-29,299.1787535349528
2017-06-30,299.1507975260417
2017-07-01,299.6287956237793
2017-07-02,299.374963760376
2017-07-03,298.4372030893962
2017-07-04,298.63204701741535
2017-07-05,299.60401725769043
2017-07-06,299.7118771870931
2017-07-07,299.75324122111004
2017-07-08,299.16579818725586
2017-07-09,299.61119906107587
2017-07-10,300.0816065470378
2017-07-11,299.92319933573407
2017-07-12,299.62084197998047
2017-07-13,300.3974730173747
2017-07-14,300.57541783650714
2017-07-15,300.18382326761883
2017-07-16,300.2965208689372
2017-07-17,300.97658920288086
2017-07-18,300.61306317647296
2017-07-19,300.7896251678467
2017-07-20,300.5289783477783
2017-07-21,299.8934020996094
2017-07-22,299.53491401672363
2017-07-23,300.1799208323161
2017-07-24,300.079096476237
2017-07-25,300.2562828063965
2017-07-26,300.5495599110921
2017-07-27,300.79924456278485
2017-07-28,300.4243869781494
2017-07-29,300.0945288340251
2017-07-30,300.4205500284831
2017-07-31,300.8578923543294
2017-08-01,300.4570655822754
2017-08-02,300.4583155314128
2017-08-03,300.5987377166748
2017-08-04,300.8098773956299
2017-08-05,300.60451889038086
2017-08-06,300.42254638671875
2017-08-07,300.28586832682294
2017-08-08,300.3933563232422
2017-08-09,300.66540718078613
2017-08-10,300.2709712982178
2017-08-11,300.3893102010091
2017-08-12,300.55882898966473
2017-08-13,300.6207160949707
2017-08-14,300.76748975118
2017-08-15,300.76249567667645
2017-08-16,300.66393915812176
2017-08-17,300.7244364420573
2017-08-18,301.1642551422119
2017-08-19,300.90041160583496
2017-08-20,300.5621274312337
2017-08-21,300.88326835632324
2017-08-22,300.56737899780273
2017-08-23,300.3598550160726
2017-08-24,300.60409927368164
2017-08-25,300.71537526448566
2017-08-26,300.762259165446
2017-08-27,300.9009380340576
2017-08-28,300.7809346516927
2017-08-29,301.0341657002767
2017-08-30,301.0491695404053
2017-08-31,301.28078842163086
2017-09-01,301.28922335306805
2017-09-02,300.76043192545575
2017-09-03,300.3214282989502
2017-09-04,300.95800526936847
2017-09-05,301.1745802561442
2017-09-06,301.4357223510742
2017-09-07,301.02014859517413
2017-09-08,300.88750076293945
2017-09-09,301.03148078918457
2017-09-10,301.59178098042804
2017-09-11,301.3236713409424
2017-09-12,301.37467130025226
2017-09-13,301.5278091430664
2017-09-14,300.9695421854655
2017-09-15,299.9680239359538
2017-09-16,300.6620051066081
2017-09-17,301.4862543741862
2017-09-18,301.83105659484863
2017-09-19,301.5967763264974
2017-09-20,300.5107485453288
2017-09-21,300.3854815165202
2017-09-22,300.95164680480957
2017-09-23,301.1925633748372
2017-09-24,300.96570841471356
2017-09-25,301.0027147928874
2017-09-26,301.0738983154297
2017-09-27,301.28668149312335
2017-09-28,301.3055413564046
2017-09-29,300.91649691263837
2017-09-30,300.759178797404
2017-10-01,300.5636291503906
2017-10-02,300.9893805185954
2017-10-03,301.4543336232503
2017-10-04,301.0170472462972
2017-10-05,300.7460581461589
2017-10-06,301.20375124613446
2017-10-07,301.019100189209
2017-10-08,300.5842399597168
2017-10-09,300.3647467295329
2017-10-10,300.20806248982746
2017-10-11,300.41896375020343
2017-10-12,301.03973325093585
2017-10-13,301.10273361206055
2017-10-14,301.352725982666
2017-10-15,300.94607226053876
2017-10-16,301.0540186564128
2017-10-17,300.71036465962726
2017-10-18,300.4521179199219
2017-10-19,300.6707140604655
2017-10-20,300.9585596720378
2017-10-21,301.3096974690755
2017-10-22,301.15922419230145
2017-10-23,300.9832509358724
2017-10-24,300.9563903808594
2017-10-25,300.8996779123942
2017-10-26,300.89595794677734
2017-10-27,300.9011573791504
2017-10-28,301.13879585266113
2017-10-29,300.95885976155597
2017-10-30,300.8770122528076
2017-10-31,300.8677450815837
2017-11-01,300.8130003611247
2017-11-02,301.2010097503662
2017-11-03,301.0976905822754
2017-11-04,301.6698519388835
2017-11-05,301.6460545857747
2017-11-06,301.3536554972331
2017-11-07,301.2106393178304
2017-11-08,301.41420618693036
2017-11-09,301.37253252665204
2017-11-10,301.125701268514
2017-11-11,301.1373602549235
2017-11-12,301.0113576253255
2017-11-13,301.45924949645996
2017-11-14,301.49729347229004
2017-11-15,301.37904294331867
2017-11-16,301.23646863301593
2017-11-17,301.18631108601886
2017-11-18,300.7189261118571
2017-11-19,301.1849002838135
2017-11-20,301.17257563273114
2017-11-21,301.24737040201825
2017-11-22,300.8808530171712
2017-11-23,300.919636408488
2017-11-24,301.4356517791748
2017-11-25,301.529733022054
2017-11-26,301.2313168843587
2017-11-27,301.46667734781903
2017-11-28,301.56444931030273
2017-11-29,301.63132603963214
2017-11-30,301.4781125386556
2017-12-01,301.7834873199463
2017-12-02,301.95974095662433
2017-12-03,301.90650939941406
2017-12-04,302.11341857910156
2017-12-05,301.9979413350423
2017-12-06,301.4611275990804
2017-12-07,300.909034093221
2017-12-08,300.8165969848633
2017-12-09,301.227055867513
2017-12-10,300.9455922444661
2017-12-11,300.95104726155597
2017-12-12,301.30969556172687
2017-12-13,300.6633701324463
2017-12-14,299.25647163391113
2017-12-15,298.88042577107746
2017-12-16,298.8998489379883
2017-12-17,299.63587443033856
2017-12-18,299.03717104593915
2017-12-19,298.83265431722003
2017-12-20,299.11262702941895
2017-12-21,299.8182493845622
2017-12-22,300.24653180440265
2017-12-23,300.1130606333415
2017-12-24,299.25976816813153
2017-12-25,298.55871391296387
2017-12-26,299.1551704406738
2017-12-27,299.46579996744794
2017-12-28,299.5725733439128
2017-12-29,299.973290125529
2017-12-30,300.26443672180176
2017-12-31,300.7020975748698
2018-01-01,300.2845319112142
2018-01-02,300.19293276468915
2018-01-03,300.01352818806964
2018-01-04,299.2463734944661
2018-01-05,299.19219462076825
2018-01-06,298.6384805043538
2018-01-07,298.616662979126
2018-01-08,299.1309458414714
2018-01-09,298.3484141031901
2018-01-10,298.4269822438558
2018-01-11,299.07244809468585
2018-01-12,299.10594431559247
2018-01-13,298.7737503051758
2018-01-14,299.52689870198566
2018-01-15,299.6937669118245
2018-01-16,299.67991129557294
2018-01-17,299.6542847951253
2018-01-18,299.03185081481934
2018-01-19,298.97936248779297
2018-01-20,298.4996922810872
2018-01-21,298.7233250935872
2018-01-22,298.8713684082031
2018-01-23,299.2457688649495
2018-01-24,298.67440859476727
2018-01-25,298.1800079345703
2018-01-26,298.54947725931805
2018-01-27,298.1031970977783
2018-01-28,298.1647084554036
2018-01-29,298.9231783548991
2018-01-30,299.16692543029785
2018-01-31,299.4725971221924
2018-02-01,299.4477011362712
2018-02-02,298.8384373982747
2018-02-03,298.3280537923177
2018-02-04,297.9515209197998
2018-02-05,298.3255043029785
2018-02-06,298.1164436340332
2018-02-07,298.4915402730306
2018-02-08,298.18226941426593
2018-02-09,298.86989911397296
2018-02-10,299.5403168996175
2018-02-11,299.384516398112
2018-02-12,298.81197992960614
2018-02-13,298.04881795247394
2018-02-14,298.1415322621663
2018-02-15,298.3065694173177
2018-02-16,299.06346193949383
2018-02-17,298.6674969991048
2018-02-18,298.5434824625651
2018-02-19,298.7689685821533
2018-02-20,297.96739451090497
2018-02-21,297.79350153605145
2018-02-22,297.86867841084796
2018-02-23,297.99138832092285
2018-02-24,298.51609293619794
2018-02-25,298.2446149190267
2018-02-26,298.09048652648926
2018-02-27,298.51712799072266
2018-02-28,298.09649658203125
2018-03-01,298.731637318929
2018-03-02,299.4871063232422
2018-03-03,300.0314706166585
2018-03-04,299.7017072041829
2018-03-05,299.3841832478841
2018-03-06,299.5082352956136
2018-03-07,299.5778452555339
2018-03-08,299.1296736399333
2018-03-09,298.7452532450358
2018-03-10,298.8189640045166
2018-03-11,299.29224904378253
2018-03-12,299.53502464294434
2018-03-13,299.50240389506024
2018-03-14,298.5374755859375
2018-03-15,298.41916338602704
2018-03-16,299.3125197092692
2018-03-17,299.55615488688153
2018-03-18,299.7393105824788
2018-03-19,299.8018601735433
2018-03-20,299.92174530029297
2018-03-21,299.32639757792157
2018-03-22,299.25434557596844
2018-03-23,298.5163822174072
2018-03-24,298.29259363810223
2018-03-25,297.94774945576984
2018-03-26,298.1067186991374
2018-03-27,298.6980120340983
2018-03-28,298.4952392578125
2018-03-29,298.1565806070964
2018-03-30,298.60584259033203
2018-03-31,298.46729850769043
2018-04-01,299.0186258951823
2018-04-02,298.3151175181071
2018-04-03,298.4946117401123
2018-04-04,298.2390556335449
2018-04-05,298.1279176076253
2018-04-06,298.0440451304118
2018-04-07,297.64420827229816
2018-04-08,298.3347568511963
2018-04-09,298.68582916259766
2018-04-10,297.3994623819987
2018-04-11,298.2701899210612
2018-04-12,297.9231707255046
2018-04-13,298.62276522318524
2018-04-14,298.73572158813477
2018-04-15,298.82239468892413
2018-04-16,298.58064460754395
2018-04-17,298.5690835316976
2018-04-18,298.6030724843343
2018-04-19,298.77806282043457
2018-04-20,299.28429222106934
2018-04-21,299.5927104949951
2018-04-22,298.7733624776204
2018-04-23,299.0427328745524
2018-04-24,299.16760126749676
2018-04-25,299.2625312805176
2018-04-26,299.5768820444743
2018-04-27,299.3628094991048
2018-04-28,299.0414282480876
2018-04-29,298.20982933044434
2018-04-30,298.42681248982746
2018-05-01,298.35390853881836
2018-05-02,298.1198507944743
2018-05-03,298.37395159403485
2018-05-04,298.6843605041504
2018-05-05,298.6956494649251
2018-05-06,299.31018511454266
2018-05-07,298.38672765096027
2018-05-08,298.62746874491376
2018-05-09,298.42222086588544
2018-05-10,298.93437004089355
2018-05-11,298.88338979085285
2018-05-12,298.29516919453937
2018-05-13,298.5465482076009
2018-05-14,298.84595108032227
2018-05-15,298.8692817687988
2018-05-16,299.5034472147624
2018-05-17,299.37362480163574
2018-05-18,299.53249677022296
2018-05-19,299.41318066914874
2018-05-20,299.08940505981445
2018-05-21,299.4607849121094
2018-05-22,298.7866547902425
2018-05-23,299.0661818186442
2018-05-24,299.21718343098956
2018-05-25,299.4646504720052
2018-05-26,298.89198112487793
2018-05-27,298.93746248881024
2018-05-28,298.2402426401774
2018-05-29,298.4807929992676
2018-05-30,298.72604688008624
2018-05-31,299.4747257232666
2018-06-01,300.20576604207355
2018-06-02,298.96879386901855
2018-06-03,299.8563035329183
2018-06-04,300.10048548380536
2018-06-05,299.4809176127116
2018-06-06,299.4620418548584
2018-06-07,299.9717197418213
2018-06-08,299.9774176279704
2018-06-09,299.9133548736572
2018-06-10,299.91122754414874
2018-06-11,300.1425317128499
2018-06-12,300.4869155883789
2018-06-13,300.67469215393066
2018-06-14,300.10020510355633
2018-06-15,299.7187957763672
2018-06-16,299.5342362721761
2018-06-17,299.41918563842773
2018-06-18,299.18102264404297
2018-06-19,298.5065574645996
2018-06-20,298.83397992451984
2018-06-21,299.30382283528644
2018-06-22,299.5313243865967
2018-06-23,299.13697052001953
2018-06-24,299.41923268636066
2018-06-25,299.9662717183431
2018-06-26,299.2716185251872
2018-06-27,299.4346529642741
2018-06-28,299.4800860087077
2018-06-29,299.6411876678467
2018-06-30,299.61710866292316
2018-07-01,299.9338321685791
2018-07-02,300.04094250996906
2018-07-03,299.24024454752606
2018-07-04,298.8581422170003
2018-07-05,298.71572494506836
2018-07-06,299.6439736684163
2018-07-07,299.51682408650714
2018-07-08,299.51180203755695
2018-07-09,299.8891061147054
2018-07-10,299.036901473999
2018-07-11,299.1685740152995
2018-07-12,299.3812847137451
2018-07-13,299.35141944885254
2018-07-14,298.70724805196124
2018-07-15,299.09909502665204
2018-07-16,299.7381165822347
2018-07-17,299.41761207580566
2018-07-18,299.3918266296387
2018-07-19,299.78540802001953
2018-07-20,300.10296694437665
2018-07-21,300.3785406748454
2018-07-22,300.10388501485187
2018-07-23,299.7325668334961
2018-07-24,299.27120145161945
2018-07-25,299.5258725484212
2018-07-26,299.5696563720703
2018-07-27,299.51747449239093
2018-07-28,299.6646480560303
2018-07-29,299.269048055013
2018-07-30,299.6666450500488
2018-07-31,299.99389902750653
2018-08-01,299.73454666137695
2018-08-02,299.34606170654297
2018-08-03,298.5296942392985
2018-08-04,299.1949570973714
2018-08-05,299.17666562398273
2018-08-06,299.5099868774414
2018-08-07,299.37666575113934
2018-08-08,299.5999526977539
2018-08-09,299.0179271697998
2018-08-10,299.4799861907959
2018-08-11,299.91794459025067
2018-08-12,299.92585309346515
2018-08-13,299.9542344411214
2018-08-14,299.63823954264325
2018-08-15,299.61929257710773
2018-08-16,299.93432744344074
2018-08-17,299.8284740447998
2018-08-18,299.85966237386066
2018-08-19,299.73201115926105
2018-08-20,299.8842430114746
2018-08-21,299.84921900431317
2018-08-22,299.9133021036784
2018-08-23,299.9009895324707
2018-08-24,299.85720443725586
2018-08-25,299.86182530721027
2018-08-26,300.0260645548503
2018-08-27,300.00511423746747
2018-08-28,300.1421483357747
2018-08-29,300.0839786529541
2018-08-30,300.15360768636066
2018-08-31,300.4488525390625
2018-09-01,300.51013946533203
2018-09-02,300.4444046020508
2018-09-03,300.68514315287274
2018-09-04,300.6681734720866
2018-09-05,300.75587399800617
2018-09-06,300.54052480061847
2018-09-07,300.1592477162679
2018-09-08,299.8579451243083
2018-09-09,299.5262368520101
2018-09-10,300.2057927449544
2018-09-11,300.5340169270833
2018-09-12,300.6544946034749
2018-09-13,300.8253396352132
2018-09-14,300.5847562154134
2018-09-15,300.7457211812337
2018-09-16,300.76807530721027
2018-09-17,300.8162307739258
2018-09-18,300.78136189778644
2018-09-19,300.60661697387695
2018-09-20,300.9004211425781
2018-09-21,300.8212521870931
2018-09-22,300.82725588480633
2018-09-23,300.8588466644287
2018-09-24,300.67029062906903
2018-09-25,300.878662109375
2018-09-26,300.55482546488446
2018-09-27,301.0984484354655
2018-09-28,301.04857126871747
2018-09-29,301.07672754923504
2018-09-30,300.8395818074544
2018-10-01,301.09386952718097
2018-10-02,301.11356353759766
2018-10-03,301.01257705688477
2018-10-04,301.0714028676351
2018-10-05,300.90157953898114
2018-10-06,300.7627188364665
2018-10-07,300.5647265116374
2018-10-08,301.02883021036786
2018-10-09,301.4091205596924
2018-10-10,301.08039474487305
2018-10-11,301.7666867574056
2018-10-12,301.37292734781903
2018-10-13,301.10339800516766
2018-10-14,301.1049461364746
2018-10-15,301.07470258076984
2018-10-16,300.88729031880695
2018-10-17,300.5470733642578
2018-10-18,301.12153244018555
2018-10-19,301.0806255340576
2018-10-20,300.94684346516925
2018-10-21,301.2986996968587
2018-10-22,301.5576578776042
2018-10-23,301.30761909484863
2018-10-24,301.42344156901044
2018-10-25,301.76571718851727
2018-10-26,301.42942492167157
2018-10-27,301.43286259969074
2018-10-28,301.62121709187824
2018-10-29,301.34037017822266
2018-10-30,301.60119756062824
2018-10-31,301.6864178975423
2018-11-01,301.62972831726074
2018-11-02,301.74744415283203
2018-11-03,301.90150769551593
2018-11-04,301.6320215861003
2018-11-05,301.42089653015137
2018-11-06,301.69815190633136
2018-11-07,301.4683640797933
2018-11-08,301.96458625793457
2018-11-09,301.71919441223145
2018-11-10,301.55498123168945
2018-11-11,301.3506374359131
2018-11-12,301.7068328857422
2018-11-13,301.56277020772296
2018-11-14,301.8044497172038
2018-11-15,301.89461580912274
2018-11-16,301.837407430013
2018-11-17,301.7847448984782
2018-11-18,301.82426770528156
2018-11-19,301.93593406677246
2018-11-20,301.85437393188477
2018-11-21,302.0484135945638
2018-11-22,301.2279243469238
2018-11-23,300.166218439738
2018-11-24,300.6406447092692
2018-11-25,300.95575586954754
2018-11-26,301.06789207458496
2018-11-27,299.5672435760498
2018-11-28,299.9507185618083
2018-11-29,299.9550698598226
2018-11-30,298.4381694793701
2018-12-01,299.2064018249512
2018-12-02,298.8831373850505
2018-12-03,298.6209774017334
2018-12-04,297.68133608500165
2018-12-05,298.53331565856934
2018-12-06,298.6198266347249
2018-12-07,299.2910620371501
2018-12-08,298.8348738352458
2018-12-09,299.3068669637044
2018-12-10,298.8369706471761
2018-12-11,298.44756507873535
2018-12-12,298.92664273579913
2018-12-13,298.25684483846027
2018-12-14,298.1686197916667
2018-12-15,298.02166112263996
2018-12-16,298.0708014170329
2018-12-17,298.7056713104248
2018-12-18,298.8948497772217
2018-12-19,299.034174601237
2018-12-20,299.86854044596356
2018-12-21,299.0443681081136
2018-12-22,299.1705379486084
2018-12-23,299.0971501668294
2018-12-24,298.53320439656574
2018-12-25,298.7678972880046
2018-12-26,299.94111824035645
2018-12-27,300.2379086812337
2018-12-28,299.36567815144855
2018-12-29,298.79481569925946
2018-12-30,298.92905616760254
2018-12-31,298.6402753194173
2019-01-01,299.3965759277344
2019-01-02,299.92874844868976
2019-01-03,299.846347173055
2019-01-04,299.77712059020996
2019-01-05,299.6671835581462
2019-01-06,299.35809834798175
2019-01-07,298.67216300964355
2019-01-08,298.0479195912679
2019-01-09,298.1914310455322
2019-01-10,297.7129192352295
2019-01-11,297.87360191345215
2019-01-12,298.7309710184733
2019-01-13,298.7105261484782
2019-01-14,298.32809829711914
2019-01-15,298.5788580576579
2019-01-16,298.78963470458984
2019-01-17,299.1912097930908
2019-01-18,299.2087802886963
2019-01-19,298.62193361918133
2019-01-20,298.5222924550374
2019-01-21,299.1566816965739
2019-01-22,298.9810085296631
2019-01-23,299.2386830647786
2019-01-24,299.19241523742676
2019-01-25,299.0128739674886
2019-01-26,298.6726239522298
2019-01-27,299.57829602559406
2019-01-28,299.69333902994794
2019-01-29,299.88612174987793
2019-01-30,300.43217277526855
2019-01-31,299.8797715504964
2019-02-01,299.1889165242513
2019-02-02,298.84783935546875
2019-02-03,298.4179623921712
2019-02-04,299.0860055287679
2019-02-05,298.83581670125324
2019-02-06,298.6844622294108
2019-02-07,298.4169514973958
2019-02-08,297.91483243306476
2019-02-09,298.48989486694336
2019-02-10,299.2135480244954
2019-02-11,299.80264409383136
2019-02-12,299.65814717610675
2019-02-13,298.9934959411621
2019-02-14,298.6006514231364
2019-02-15,299.1752510070801
2019-02-16,299.47449747721356
2019-02-17,298.88147862752277
2019-02-18,297.18667793273926
2019-02-19,297.53016726175946
2019-02-20,298.8974018096924
2019-02-21,298.7331091562907
2019-02-22,298.51483090718585
2019-02-23,298.939058303833
2019-02-24,298.4941864013672
2019-02-25,298.5134105682373
2019-02-26,297.88721593221027
2019-02-27,297.92524274190265
2019-02-28,298.18524106343585
2019-03-01,297.9062976837158
2019-03-02,298.6162344614665
2019-03-03,298.34115982055664
2019-03-04,298.2393093109131
2019-03-05,298.21011606852215
2019-03-06,297.95576731363934
2019-03-07,297.4398606618245
2019-03-08,298.74463144938153
2019-03-09,298.57387351989746
2019-03-10,298.82543500264484
2019-03-11,298.8370424906413
2019-03-12,298.2108631134033
2019-03-13,298.11015637715656
2019-03-14,298.55772908528644
2019-03-15,299.25451850891113
2019-03-16,299.2778689066569
2019-03-17,299.3202559153239
2019-03-18,298.8063265482585
2019-03-19,299.0197811126709
2019-03-20,298.6582336425781
2019-03-21,298.83302307128906
2019-03-22,298.34817441304523
2019-03-23,298.68025398254395
2019-03-24,298.90070788065594
2019-03-25,298.28039741516113
2019-03-26,297.9461898803711
2019-03-27,298.5286865234375
2019-03-28,298.97678502400714
2019-03-29,298.8724358876546
2019-03-30,298.61514218648273
2019-03-31,298.3718427022298
2019-04-01,298.4916254679362
2019-04-02,299.0617739359538
2019-04-03,299.1913941701253
2019-04-04,298.1629416147868
2019-04-05,298.50276883443195
2019-04-06,298.6184590657552
2019-04-07,298.5699342091878
2019-04-08,298.9392789204915
2019-04-09,298.9807771046956
2019-04-10,298.4004192352295
2019-04-11,298.4412899017334
2019-04-12,298.81871032714844
2019-04-13,298.9202054341634
2019-04-14,298.4159469604492
2019-04-15,298.8081652323405
2019-04-16,298.4690869649251
2019-04-17,297.9009558359782
2019-04-18,299.60987854003906
2019-04-19,299.26402346293133
2019-04-20,299.16530481974286
2019-04-21,298.79469235738117
2019-04-22,298.7773189544678
2019-04-23,298.7677942911784
2019-04-24,299.2815138498942
2019-04-25,299.34851201375324
2019-04-26,299.42539978027344
2019-04-27,299.0621700286865
2019-04-28,298.6966959635417
2019-04-29,298.87500762939453
2019-04-30,298.5629539489746
2019-05-01,299.3317050933838
2019-05-02,298.51512654622394
2019-05-03,299.5035940806071
2019-05-04,299.8068154652913
2019-05-05,299.7974090576172
2019-05-06,299.97632026672363
2019-05-07,298.90168317159015
2019-05-08,299.6322313944499
2019-05-09,300.01465861002606
2019-05-10,298.8388964335124
2019-05-11,299.78221766153973
2019-05-12,298.3908627827962
2019-05-13,299.2107677459717
2019-05-14,299.3912245432536
2019-05-15,299.4866460164388
2019-05-16,298.9944489796956
2019-05-17,298.1911481221517
2019-05-18,298.951956431071
2019-05-19,299.04680315653485
2019-05-20,299.25790786743164
2019-05-21,299.1095911661784
2019-05-22,298.69786326090497
2019-05-23,299.6734371185303
2019-05-24,300.5529645284017
2019-05-25,300.44320424397785
2019-05-26,299.797020594279
2019-05-27,299.4403928120931
2019-05-28,299.2743689219157
2019-05-29,299.29076258341473
2019-05-30,299.44511731465656
2019-05-31,299.53080495198566
2019-06-01,299.72413635253906
2019-06-02,299.43233489990234
2019-06-03,300.17781257629395
2019-06-04,300.23994127909344
2019-06-05,299.91284942626953
2019-06-06,300.07923825581867
2019-06-07,299.62619972229004
2019-06-08,299.4703954060872
2019-06-09,299.7547855377197
2019-06-10,299.92232577006024
2019-06-11,298.9045244852702
2019-06-12,298.91074244181317
2019-06-13,299.258887608846
2019-06-14,299.63221232096356
2019-06-15,299.1417064666748
2019-06-16,299.9619617462158
2019-06-17,300.3478476206462
2019-06-18,300.2081661224365
2019-06-19,299.98508644104004
2019-06-20,300.1647415161133
2019-06-21,300.3743546803792
2019-06-22,300.0058396657308
2019-06-23,299.13270505269367
2019-06-24,299.4059867858887
2019-06-25,299.9591801961263
2019-06-26,300.3356335957845
2019-06-27,300.5641613006592
2019-06-28,300.5690339406331
2019-06-29,300.5571689605713
2019-06-30,300.233367284139
2019-07-01,300.3699887593587
2019-07-02,300.383155186971
2019-07-03,299.8781140645345
2019-07-04,299.80190149943036
2019-07-05,300.34802373250324
2019-07-06,300.56104787190753
2019-07-07,300.05102411905926
2019-07-08,300.0938949584961
2019-07-09,299.43292808532715
2019-07-10,299.73255983988446
2019-07-11,299.29913965861004
2019-07-12,299.5220584869385
2019-07-13,299.12158457438153
2019-07-14,299.6823018391927
2019-07-15,300.0685742696126
2019-07-16,299.9986686706543
2019-07-17,299.1678644816081
2019-07-18,299.4480972290039
2019-07-19,299.55157979329425
2019-07-20,299.91152318318683
2019-07-21,299.12536811828613
2019-07-22,299.6768290201823
2019-07-23,300.50364685058594
2019-07-24,300.31756019592285
2019-07-25,300.6908639272054
2019-07-26,300.66650136311847
2019-07-27,300.5028839111328
2019-07-28,300.3295720418294
2019-07-29,300.4012508392334
2019-07-30,299.97207895914715
2019-07-31,300.2538185119629
2019-08-01,300.458283106486
2019-08-02,300.5686511993408
2019-08-03,300.91186078389484
2019-08-04,300.6646378835042
2019-08-05,299.5378074645996
2019-08-06,299.7917308807373
2019-08-07,299.9080759684245
2019-08-08,300.2463130950928
2019-08-09,300.39282035827637
2019-08-10,300.5689525604248
2019-08-11,300.6501890818278
2019-08-12,300.62475140889484
2019-08-13,300.81453704833984
2019-08-14,300.92968495686847
2019-08-15,300.36086591084796
2019-08-16,300.5872376759847
2019-08-17,300.9480431874593
2019-08-18,300.6377894083659
2019-08-19,300.7351951599121
2019-08-20,300.7122453053792
2019-08-21,300.30908902486163
2019-08-22,300.1768283843994
2019-08-23,300.0967877705892
2019-08-24,300.4486440022786
2019-08-25,300.62151018778485
2019-08-26,300.451078414917
2019-08-27,300.40187644958496
2019-08-28,300.4033959706624
2019-08-29,300.42565663655597
2019-08-30,300.76337877909344
2019-08-31,300.54834302266437
2019-09-01,300.6607214609782
2019-09-02,300.8187255859375
2019-09-03,300.89869435628253
2019-09-04,301.0191370646159
2019-09-05,301.11795234680176
2019-09-06,300.50029881795246
2019-09-07,300.13998285929364
2019-09-08,299.97857729593915
2019-09-09,300.4603106180827
2019-09-10,300.95932642618817
2019-09-11,300.9499797821045
2019-09-12,300.95567957560223
2019-09-13,300.8039353688558
2019-09-14,300.8016421000163
2019-09-15,300.67202695210773
2019-09-16,300.74683634440106
2019-09-17,300.7331460316976
2019-09-18,301.0071551005046
2019-09-19,301.05346997578937
2019-09-20,300.677885055542
2019-09-21,300.836327234904
2019-09-22,301.02723757425946
2019-09-23,300.79022789001465
2019-09-24,300.4448750813802
2019-09-25,300.2713311513265
2019-09-26,300.5380051930745
2019-09-27,301.0099341074626
2019-09-28,301.19896443684894
2019-09-29,301.176908493042
2019-09-30,301.01815096537274
2019-10-01,300.90637016296387
2019-10-02,301.0852057139079
2019-10-03,301.1507199605306
2019-10-04,300.9160378774007
2019-10-05,300.96844546000165
2019-10-06,300.9193878173828
2019-10-07,301.2391637166341
2019-10-08,301.1982949574788
2019-10-09,301.2558015187581
2019-10-10,301.2718760172526
2019-10-11,301.21174812316895
2019-10-12,300.6719443003337
2019-10-13,300.90634028116864
2019-10-14,300.7457396189372
2019-10-15,301.24533526102704
2019-10-16,300.84175364176434
2019-10-17,300.6665503184001
2019-10-18,300.8917643229167
2019-10-19,300.50165303548175
2019-10-20,300.8245595296224
2019-10-21,300.98277537027997
2019-10-22,300.98546473185223
2019-10-23,300.6739966074626
2019-10-24,300.886999130249
2019-10-25,301.07565053304035
2019-10-26,300.90437571207684
2019-10-27,301.1394856770833
2019-10-28,300.9381268819173
2019-10-29,300.60153516133624
2019-10-30,300.65981674194336
2019-10-31,301.04442405700684
2019-11-01,301.075003306071
2019-11-02,301.3948523203532
2019-11-03,300.9647858937581
2019-11-04,300.9968140920003
2019-11-05,301.20418612162274
2019-11-06,301.20158704121906
2019-11-07,301.2383524576823
2019-11-08,301.05284881591797
2019-11-09,301.00658480326337
2019-11-10,301.2356535593669
2019-11-11,301.45385424296063
2019-11-12,301.36472447713214
2019-11-13,301.21321805318195
2019-11-14,301.2605851491292
2019-11-15,301.3920135498047
2019-11-16,301.56225713094074
2019-11-17,301.18737347920734
2019-11-18,300.84137535095215
2019-11-19,301.14597193400067
2019-11-20,300.92405064900714
2019-11-21,300.2232259114583
2019-11-22,300.1439844767253
2019-11-23,300.82813453674316
2019-11-24,301.14037386576337
2019-11-25,301.0224094390869
2019-11-26,301.54049746195477
2019-11-27,301.60644785563153
2019-11-28,301.4172719319661
2019-11-29,301.5358091990153
2019-11-30,301.5375785827637
2019-12-01,301.53352610270184
2019-12-02,301.68777656555176
2019-12-03,301.4091733296712
2019-12-04,301.12160619099933
2019-12-05,301.44311396280926
2019-12-06,301.7805595397949
2019-12-07,301.26674207051593
2019-12-08,301.2956428527832
2019-12-09,300.795752843221
2019-12-10,300.1268005371094
2019-12-11,300.09044392903644
2019-12-12,300.1429672241211
2019-12-13,300.4953130086263
2019-12-14,299.8010934193929
2019-12-15,299.6632944742839
2019-12-16,299.8421986897786
2019-12-17,299.6847438812256
2019-12-18,300.33069737752277
2019-12-19,301.046781539917
2019-12-20,300.5822982788086
2019-12-21,300.01439476013184
2019-12-22,300.23390706380206
2019-12-23,301.0032787322998
2019-12-24,300.7670269012451
2019-12-25,300.6225840250651
2019-12-26,300.6833845774333
2019-12-27,300.61340077718097
2019-12-28,300.46051534016925
2019-12-29,299.86237208048504
2019-12-30,299.31071217854816
2019-12-31,298.261526743571
2020-01-01,298.55359586079913
2020-01-02,298.26050504048663
2020-01-03,299.2825412750244
2020-01-04,299.20069058736163
2020-01-05,298.69993273417157
2020-01-06,298.7653725941976
2020-01-07,298.54601860046387
2020-01-08,299.0133647918701
2020-01-09,299.60511271158856
2020-01-10,299.2690734863281
2020-01-11,298.99121284484863
2020-01-12,298.8686815897624
2020-01-13,298.9646689097087
2020-01-14,298.9562581380208
2020-01-15,298.967768351237
2020-01-16,300.15585708618164
2020-01-17,299.8580131530762
2020-01-18,299.66499455769855
2020-01-19,299.0411898295085
2020-01-20,299.0164515177409
2020-01-21,299.3684508005778
2020-01-22,299.6667289733887
2020-01-23,299.7198912302653
2020-01-24,299.6162980397542
2020-01-25,299.47320493062335
2020-01-26,298.95085589090985
2020-01-27,298.67200024922687
2020-01-28,299.23247655232746
2020-01-29,298.89396540323895
2020-01-30,299.74436060587567
2020-01-31,298.7872848510742
2020-02-01,299.6763095855713
2020-02-02,299.171350479126
2020-02-03,299.42764472961426
2020-02-04,298.4893678029378
2020-02-05,298.3370367685954
2020-02-06,298.7745755513509
2020-02-07,297.73411496480304
2020-02-08,297.4933662414551
2020-02-09,298.99300448099774
2020-02-10,299.0049928029378
2020-02-11,299.35017585754395
2020-02-12,298.90246200561523
2020-02-13,299.2208544413249
2020-02-14,298.73522504170734
2020-02-15,299.13711229960126
2020-02-16,298.73871421813965
2020-02-17,298.9820562998454
2020-02-18,299.0097147623698
2020-02-19,298.20122146606445
2020-02-20,297.87626457214355
2020-02-21,298.804484685262
2020-02-22,298.9703731536865
2020-02-23,300.43972396850586
2020-02-24,300.3220049540202
2020-02-25,299.41625022888184
2020-02-26,298.90479214986163
2020-02-27,298.47261746724445
2020-02-28,299.34953117370605
2020-02-29,298.3266716003418
2020-03-01,299.0224412282308
2020-03-02,298.69471804300946
2020-03-03,298.381306330363
2020-03-04,298.63426844278973
2020-03-05,300.3778247833252
2020-03-06,299.2345396677653
2020-03-07,298.22976875305176
2020-03-08,298.09182675679523
2020-03-09,297.9425919850667
2020-03-10,297.9535598754883
2020-03-11,298.259734471639
2020-03-12,297.71085866292316
2020-03-13,298.6704438527425
2020-03-14,298.6405741373698
2020-03-15,297.91006660461426
2020-03-16,298.89634895324707
2020-03-17,299.7776991526286
2020-03-18,299.66567357381183
2020-03-19,298.68585268656415
2020-03-20,297.9924023946126
2020-03-21,297.9249318440755
2020-03-22,298.89416186014813
2020-03-23,299.7363421122233
2020-03-24,300.19244321187335
2020-03-25,299.3439604441325
2020-03-26,299.6233545939128
2020-03-27,299.2129376729329
2020-03-28,299.1225872039795
2020-03-29,299.85488510131836
2020-03-30,299.5895004272461
2020-03-31,299.1044057210286
2020-04-01,299.5444227854411
2020-04-02,299.0978088378906
2020-04-03,299.7329292297363
2020-04-04,299.5394916534424
2020-04-05,299.82844670613605
2020-04-06,300.1901772816976
2020-04-07,299.80291684468585
2020-04-08,298.8345718383789
2020-04-09,300.02036730448407
2020-04-10,299.1172440846761
2020-04-11,299.32448959350586
2020-04-12,299.08212025960285
2020-04-13,298.570992787679
2020-04-14,298.2046267191569
2020-04-15,298.4606685638428
2020-04-16,299.514944712321
2020-04-17,298.3766447703044
2020-04-18,298.46966489156085
2020-04-19,299.26375516255695
2020-04-20,299.3838761647542
2020-04-21,298.78926340738934
2020-04-22,299.1340815226237
2020-04-23,298.9582799275716
2020-04-24,298.6070810953776
2020-04-25,299.44184557596844
2020-04-26,299.28615887959796
2020-04-27,299.3796723683675
2020-04-28,299.1053721110026
2020-04-29,299.2068812052409
2020-04-30,298.71368980407715
2020-05-01,298.84415372212726
2020-05-02,300.06057357788086
2020-05-03,300.0935395558675
2020-05-04,299.9583288828532
2020-05-05,299.60200627644855
2020-05-06,300.1650975545247
2020-05-07,300.2946955362956
2020-05-08,300.21495691935223
2020-05-09,300.09489250183105
2020-05-10,300.18789863586426
2020-05-11,299.3699156443278
2020-05-12,299.98753611246747
2020-05-13,300.2219003041585
2020-05-14,300.8345190684001
2020-05-15,300.0828742980957
2020-05-16,299.55520884195965
2020-05-17,299.18329493204754
2020-05-18,300.18823369344074
2020-05-19,300.4353955586751
2020-05-20,300.32725588480633
2020-05-21,299.04265721638996
2020-05-22,298.80724143981934
2020-05-23,299.29235140482587
2020-05-24,299.8926308949788
2020-05-25,300.57116572062176
2020-05-26,300.3889636993408
2020-05-27,300.39671325683594
2020-05-28,300.7928816477458
2020-05-29,300.3573576609294
2020-05-30,299.05341657002765
2020-05-31,298.6244831085205
2020-06-01,298.37200991312665
2020-06-02,298.95774777730304
2020-06-03,299.9804458618164
2020-06-04,299.91324679056805
2020-06-05,299.5873858133952
2020-06-06,299.68116823832196
2020-06-07,300.07791392008465
2020-06-08,300.3530756632487
2020-06-09,299.42176818847656
2020-06-10,299.2905928293864
2020-06-11,299.56163787841797
2020-06-12,298.8818995157878
2020-06-13,299.17516644795734
2020-06-14,300.2819881439209
2020-06-15,300.1984443664551
2020-06-16,300.4394696553548
2020-06-17,299.8614362080892
2020-06-18,299.58822949727374
2020-06-19,299.4731038411458
2020-06-20,299.7971725463867
2020-06-21,299.58051172892254
2020-06-22,299.5565478006999
2020-06-23,300.65280596415204
2020-06-24,300.0652338663737
2020-06-25,299.55843353271484
2020-06-26,300.05054092407227
2020-06-27,299.7449150085449
2020-06-28,300.2976703643799
2020-06-29,300.02611033121747
2020-06-30,299.39880243937176
2020-07-01,300.0898545583089
2020-07-02,300.18274815877277
2020-07-03,300.19869295756024
2020-07-04,300.3240216573079
2020-07-05,300.15018399556476
2020-07-06,300.1976629892985
2020-07-07,299.371031443278
2020-07-08,299.62232144673663
2020-07-09,300.3750082651774
2020-07-10,300.29919306437176
2020-07-11,299.8136520385742
2020-07-12,300.0895182291667
2020-07-13,300.34778277079266
2020-07-14,300.02238782246906
2020-07-15,300.1980272928874
2020-07-16,300.0966911315918
2020-07-17,300.2214126586914
2020-07-18,300.3172486623128
2020-07-19,300.4985930124919
2020-07-20,300.1069800059001
2020-07-21,299.86802037556964
2020-07-22,299.7769133249919
2020-07-23,300.5449759165446
2020-07-24,300.48009490966797
2020-07-25,300.85777791341144
2020-07-26,301.11489995320636
2020-07-27,301.33141199747723
2020-07-28,300.6594072977702
2020-07-29,300.93115679423016
2020-07-30,300.866423924764
2020-07-31,301.22890027364093
2020-08-01,301.0579916636149
2020-08-02,301.30901018778485
2020-08-03,300.9690361022949
2020-08-04,300.8177369435628
2020-08-05,301.08680089314777
2020-08-06,301.1442286173503
2020-08-07,301.24863688151044
2020-08-08,301.730416615804
2020-08-09,301.5340010325114
2020-08-10,300.98483339945477
2020-08-11,300.91167640686035
2020-08-12,301.3336531321208
2020-08-13,301.5018850962321
2020-08-14,301.3747723897298
2020-08-15,301.3832842508952
2020-08-16,301.4200191497803
2020-08-17,301.17033259073895
2020-08-18,300.9829565684001
2020-08-19,301.0259011586507
2020-08-20,301.52303949991864
2020-08-21,300.8545570373535
2020-08-22,300.982671101888
2020-08-23,300.85873476664227
2020-08-24,300.4530340830485
2020-08-25,300.74048233032227
2020-08-26,301.1180725097656
2020-08-27,301.3715343475342
2020-08-28,300.814905166626
2020-08-29,301.0084737141927
2020-08-30,301.4088185628255
2020-08-31,301.2710418701172
2020-09-01,300.9899711608887
2020-09-02,301.46185811360675
2020-09-03,301.30045318603516
2020-09-04,301.2054220835368
2020-09-05,301.35522333780926
2020-09-06,301.57739003499347
2020-09-07,301.5846341451009
2020-09-08,301.38975207010907
2020-09-09,301.20831934611004
2020-09-10,301.70698165893555
2020-09-11,301.27862612406415
2020-09-12,301.59135246276855
2020-09-13,301.0608259836833
2020-09-14,301.3948033650716
2020-09-15,301.90369669596356
2020-09-16,301.86656188964844
2020-09-17,301.8368460337321
2020-09-18,301.4239927927653
2020-09-19,301.15014966328937
2020-09-20,301.48286628723145
2020-09-21,301.4187698364258
2020-09-22,301.2391014099121
2020-09-23,301.2057075500488
2020-09-24,301.03271865844727
2020-09-25,301.10565694173175
2020-09-26,300.9025141398112
2020-09-27,301.24478848775226
2020-09-28,300.85443623860675
2020-09-29,300.99235979715985
2020-09-30,301.28628794352215
2020-10-01,301.11683082580566
2020-10-02,301.1820519765218
2020-10-03,300.9717540740967
2020-10-04,300.9461917877197
2020-10-05,300.7831573486328
2020-10-06,300.76124890645343
2020-10-07,301.1573766072591
2020-10-08,301.1116307576497
2020-10-09,301.15630022684735
2020-10-10,300.7245400746663
2020-10-11,300.98180389404297
2020-10-12,301.3862247467041
2020-10-13,301.0575815836589
2020-10-14,301.18897374471027
2020-10-15,301.1872049967448
2020-10-16,300.89688046773273
2020-10-17,301.0241641998291
2020-10-18,301.10291544596356
2020-10-19,301.00989532470703
2020-10-20,301.2809187571208
2020-10-21,301.38438415527344
2020-10-22,301.40954717000324
2020-10-23,301.3923880259196
2020-10-24,301.3765500386556
2020-10-25,301.5936737060547
2020-10-26,301.46477127075195
2020-10-27,301.45007197062176
2020-10-28,301.5935516357422
2020-10-29,301.69529787699383
2020-10-30,301.7963466644287
2020-10-31,301.74795150756836
2020-11-01,301.7216987609863
2020-11-02,301.83716773986816
2020-11-03,300.64782587687176
2020-11-04,300.4359639485677
2020-11-05,300.12403233846027
2020-11-06,299.95702107747394
2020-11-07,300.6455612182617
2020-11-08,301.55908203125
2020-11-09,300.44591522216797
2020-11-10,299.9548110961914
2020-11-11,299.3520851135254
2020-11-12,299.77353286743164
2020-11-13,300.30773671468097
2020-11-14,300.7742837270101
2020-11-15,300.9841168721517
2020-11-16,300.8179531097412
2020-11-17,300.23748207092285
2020-11-18,300.58496220906574
2020-11-19,299.78819783528644
2020-11-20,299.42239061991376
2020-11-21,300.615925470988
2020-11-22,300.5578015645345
2020-11-23,297.9791615804036
2020-11-24,299.5818926493327
2020-11-25,300.27342859903973
2020-11-26,300.14528210957843
2020-11-27,299.98566309611004
2020-11-28,299.6271750132243
2020-11-29,299.83871523539227
2020-11-30,299.97446314493817
2020-12-01,300.07379659016925
2020-12-02,300.46665382385254
2020-12-03,300.69193267822266
2020-12-04,300.79939460754395
2020-12-05,300.55624135335285
2020-12-06,300.71154340108234
2020-12-07,300.381441116333
2020-12-08,299.69291496276855
2020-12-09,299.8832251230876
2020-12-10,300.09712409973145
2020-12-11,300.6769936879476
2020-12-12,300.62100156148273
2020-12-13,300.4445114135742
2020-12-14,300.15822728474933
2020-12-15,299.884729385376
2020-12-16,299.72515233357746
2020-12-17,299.54552841186523
2020-12-18,299.87893295288086
2020-12-19,300.4622968037923
2020-12-20,300.3844299316406
2020-12-21,300.645840326945
2020-12-22,300.34870592753094
2020-12-23,300.20308748881024
2020-12-24,300.1928431193034
2020-12-25,300.46167373657227
2020-12-26,300.0855344136556
2020-12-27,300.90039253234863
2020-12-28,300.82306543986004
2020-12-29,300.55323155721027
2020-12-30,300.3494180043538
2020-12-31,299.1625912984212
2021-01-01,298.7114537556966
2021-01-02,299.6561533610026
2021-01-03,299.1231867472331
2021-01-04,299.19964027404785
2021-01-05,300.29087320963544
2021-01-06,300.64126523335773
2021-01-07,300.6160748799642
2021-01-08,300.00125948588055
2021-01-09,300.0953261057536
2021-01-10,300.0469773610433
2021-01-11,299.58141899108887
2021-01-12,299.4322681427002
2021-01-13,299.0078296661377
2021-01-14,299.62758382161456
2021-01-15,300.5888366699219
2021-01-16,300.2503973642985
2021-01-17,300.4157320658366
2021-01-18,299.64661916097003
2021-01-19,298.9911028544108
2021-01-20,298.045893351237
2021-01-21,298.77627754211426
2021-01-22,299.36731847127277
2021-01-23,300.1977710723877
2021-01-24,299.52300453186035
2021-01-25,298.8763065338135
2021-01-26,298.67175420125324
2021-01-27,298.4553623199463
2021-01-28,298.71642367045087
2021-01-29,299.87185605367023
2021-01-30,299.93473052978516
2021-01-31,300.20422617594403
2021-02-01,299.73699442545575
2021-02-02,300.09310213724774
2021-02-03,300.0155881245931
2021-02-04,300.1574001312256
2021-02-05,300.7982686360677
2021-02-06,300.26324526468915
2021-02-07,299.7092056274414
2021-02-08,299.5579916636149
2021-02-09,299.22511100769043
2021-02-10,298.7033093770345
2021-02-11,299.05796241760254
2021-02-12,299.351801554362
2021-02-13,299.32946904500324
2021-02-14,298.94586753845215
2021-02-15,298.26916821797687
2021-02-16,297.56491533915204
2021-02-17,298.02668444315594
2021-02-18,297.6053237915039
2021-02-19,298.2018477121989
2021-02-20,298.79064178466797
2021-02-21,298.45517921447754
2021-02-22,297.4120807647705
2021-02-23,299.09177017211914
2021-02-24,299.38093757629395
2021-02-25,299.490416208903
2021-02-26,298.24869600931805
2021-02-27,298.9935760498047
2021-02-28,298.93137613932294
2021-03-01,297.93029530843097
2021-03-02,297.8848285675049
2021-03-03,298.3674144744873
2021-03-04,298.91150283813477
2021-03-05,299.24323081970215
2021-03-06,298.76884333292645
2021-03-07,298.01771863301593
2021-03-08,298.5605354309082
2021-03-09,297.49563280741376
2021-03-10,298.10104815165204
2021-03-11,298.6096757253011
2021-03-12,298.30247751871747
2021-03-13,298.5570468902588
2021-03-14,299.4056758880615
2021-03-15,299.3730297088623
2021-03-16,299.34878667195636
2021-03-17,298.33571751912433
2021-03-18,297.88635381062824
2021-03-19,297.245512008667
2021-03-20,298.3925488789876
2021-03-21,298.8475824991862
2021-03-22,297.69237963358563
2021-03-23,298.82811037699383
2021-03-24,298.4574794769287
2021-03-25,297.415486017863
2021-03-26,297.40897432963055
2021-03-27,298.3907470703125
2021-03-28,298.76966667175293
2021-03-29,299.17609723409015
2021-03-30,299.12198003133136
2021-03-31,299.18991406758624
2021-04-01,298.21546936035156
2021-04-02,299.0845006306966
2021-04-03,299.61876106262207
2021-04-04,299.2759717305501
2021-04-05,299.99518458048504
2021-04-06,300.5034344991048
2021-04-07,300.61404546101886
2021-04-08,300.1147937774658
2021-04-09,299.82926686604816
2021-04-10,299.687707901001
2021-04-11,299.2390817006429
2021-04-12,299.5647500356038
2021-04-13,299.60599454243976
2021-04-14,299.649751663208
2021-04-15,299.3490975697835
2021-04-16,298.8299102783203
2021-04-17,298.7401943206787
2021-04-18,298.29543749491376
2021-04-19,298.3154989878337
2021-04-20,298.1326611836751
2021-04-21,298.35472615559894
2021-04-22,298.46527735392254
2021-04-23,299.0281111399333
2021-04-24,298.78710619608563
2021-04-25,299.3799578348796
2021-04-26,299.96810086568195
2021-04-27,299.92578887939453
2021-04-28,300.2240454355876
2021-04-29,299.392791112264
2021-04-30,299.11144002278644
2021-05-01,297.79986572265625
2021-05-02,298.80949846903485
2021-05-03,299.65428670247394
2021-05-04,298.7920099894206
2021-05-05,298.65681076049805
2021-05-06,298.55459785461426
2021-05-07,299.10424105326337
2021-05-08,298.926461537679
2021-05-09,299.21054458618164
2021-05-10,299.5770969390869
2021-05-11,299.41106541951496
2021-05-12,298.90399742126465
2021-05-13,299.35630861918133
2021-05-14,298.79350662231445
2021-05-15,298.0997880299886
2021-05-16,298.5965169270833
2021-05-17,298.174991607666
2021-05-18,299.24242846171063
2021-05-19,300.38449160257977
2021-05-20,300.0491371154785
2021-05-21,299.5231641133626
2021-05-22,300.28591537475586
2021-05-23,300.2442506154378
2021-05-24,300.46038754781085
2021-05-25,300.6678098042806
2021-05-26,300.8387870788574
2021-05-27,300.668509165446
2021-05-28,299.6787821451823
2021-05-29,299.7981808980306
2021-05-30,300.0916996002197
2021-05-31,300.28418668111163
2021-06-01,300.3361460367839
2021-06-02,300.5341803232829
2021-06-03,299.98140652974445
2021-06-04,299.578618367513
2021-06-05,300.07125027974445
2021-06-06,300.39980761210126
2021-06-07,299.98165702819824
2021-06-08,298.986265818278
2021-06-09,298.8137461344401
2021-06-10,298.4834378560384
2021-06-11,298.75591468811035
2021-06-12,297.644048055013
2021-06-13,299.26086807250977
2021-06-14,299.23692512512207
2021-06-15,299.2824255625407
2021-06-16,299.37828636169434
2021-06-17,299.7428849538167
2021-06-18,298.97997665405273
2021-06-19,299.1443678538005
2021-06-20,299.3132514953613
2021-06-21,299.73006439208984
2021-06-22,299.7390594482422
2021-06-23,299.5460211435954
2021-06-24,299.2269592285156
2021-06-25,299.55666732788086
2021-06-26,299.34576352437335
2021-06-27,299.47402890523273
2021-06-28,299.38571548461914
2021-06-29,299.42895762125653
2021-06-30,299.9868920644124
2021-07-01,299.87905438741046
2021-07-02,298.7657883961995
2021-07-03,298.4330520629883
2021-07-04,298.76086743672687
2021-07-05,298.9830570220947
2021-07-06,299.1407305399577
2021-07-07,299.06320063273114
2021-07-08,299.5383720397949
2021-07-09,299.60552978515625
2021-07-10,299.59909693400067
2021-07-11,299.51617940266925
2021-07-12,299.7877140045166
2021-07-13,300.0471591949463
2021-07-14,300.03614552815753
2021-07-15,299.8977737426758
2021-07-16,298.7782408396403
2021-07-17,299.4462146759033
2021-07-18,299.6591040293376
2021-07-19,299.2761580149333
2021-07-20,299.5294653574626
2021-07-21,299.4153467814128
2021-07-22,299.7268575032552
2021-07-23,299.76295979817706
2021-07-24,299.95093790690106
2021-07-25,300.4045530954997
2021-07-26,300.5701382954915
2021-07-27,300.07642364501953
2021-07-28,299.94014231363934
2021-07-29,299.67697207132977
2021-07-30,299.6005051930745
2021-07-31,298.95400619506836
2021-08-01,299.48437881469727
2021-08-02,299.97535069783527
2021-08-03,299.9324487050374
2021-08-04,300.5120143890381
2021-08-05,300.4201482137044
2021-08-06,300.4801425933838
2021-08-07,300.5382951100667
2021-08-08,300.2913710276286
2021-08-09,300.2812843322754
2021-08-10,299.7204958597819
2021-08-11,299.4388879140218
2021-08-12,299.37546412150067
2021-08-13,299.1840826670329
2021-08-14,299.89940388997394
2021-08-15,300.0326283772786
2021-08-16,299.50344785054523
2021-08-17,300.29944229125977
2021-08-18,300.4371115366618
2021-08-19,300.38962682088214
2021-08-20,300.35265795389813
2021-08-21,300.2114957173665
2021-08-22,300.2713197072347
2021-08-23,300.280579884847
2021-08-24,300.05072593688965
2021-08-25,300.1726493835449
2021-08-26,299.70822779337567
2021-08-27,300.0354874928792
2021-08-28,300.06442896525067
2021-08-29,300.0833962758382
2021-08-30,300.51216252644855
2021-08-31,299.66888427734375
2021-09-01,299.65708986918133
2021-09-02,299.9325345357259
2021-09-03,299.06698290507
2021-09-04,299.8626708984375
2021-09-05,300.27419026692706
2021-09-06,300.2449537913005
2021-09-07,300.008934656779
2021-09-08,299.7626501719157
2021-09-09,300.0955231984456
2021-09-10,300.1673227945964
2021-09-11,300.1964925130208
2021-09-12,300.16905403137207
2021-09-13,299.932030359904
2021-09-14,300.0045413970947
2021-09-15,299.81492296854657
2021-09-16,299.87470563252765
2021-09-17,300.0978132883708
2021-09-18,300.023380279541
2021-09-19,300.19127082824707
2021-09-20,300.3609078725179
2021-09-21,300.194611231486
2021-09-22,300.49660873413086
2021-09-23,300.6125373840332
2021-09-24,300.2025286356608
2021-09-25,299.879669825236
2021-09-26,300.43468920389813
2021-09-27,300.4187202453613
2021-09-28,299.9221884409587
2021-09-29,299.7125434875488
2021-09-30,300.40335019429523
2021-10-01,300.55349095662433
2021-10-02,300.4158064524333
2021-10-03,300.5865173339844
2021-10-04,300.8247267405192
2021-10-05,300.9998658498128
2021-10-06,300.9554557800293
2021-10-07,300.8550771077474
2021-10-08,300.9044615427653
2021-10-09,300.7793966929118
2021-10-10,300.3885663350423
2021-10-11,301.2532647450765
2021-10-12,300.98808161417645
2021-10-13,300.82616170247394
2021-10-14,301.18942070007324
2021-10-15,300.93902651468915
2021-10-16,301.0994052886963
2021-10-17,300.87684631347656
2021-10-18,300.9339542388916
2021-10-19,300.78905232747394
2021-10-20,300.7812906901042
2021-10-21,300.5526542663574
2021-10-22,300.88112767537433
2021-10-23,300.3345146179199
2021-10-24,301.2440808614095
2021-10-25,301.10231335957843
2021-10-26,301.25036811828613
2021-10-27,300.76575724283856
2021-10-28,300.16966883341473
2021-10-29,299.7619520823161
2021-10-30,299.6336256663005
2021-10-31,300.1015434265137
2021-11-01,300.2931874593099
2021-11-02,299.99501546223956
2021-11-03,300.24004046122235
2021-11-04,300.41872151692706
2021-11-05,300.7059319814046
2021-11-06,300.93347040812176
2021-11-07,300.9108530680339
2021-11-08,300.76342010498047
2021-11-09,299.50068346659344
2021-11-10,298.3004233042399
2021-11-11,300.0128854115804
2021-11-12,300.7686290740967
2021-11-13,300.6141471862793
2021-11-14,300.54614448547363
2021-11-15,299.9336388905843
2021-11-16,300.29981358846027
2021-11-17,300.4189281463623
2021-11-18,300.9720935821533
2021-11-19,300.7068799336751
2021-11-20,299.9779644012451
2021-11-21,300.3958930969238
2021-11-22,300.8952185312907
2021-11-23,300.9081439971924
2021-11-24,300.78192138671875
2021-11-25,300.10456530253094
2021-11-26,300.3415298461914
2021-11-27,300.49061520894367
2021-11-28,300.52096366882324
2021-11-29,300.6185779571533
2021-11-30,300.893269220988
2021-12-01,300.98335456848145
2021-12-02,300.3006985982259
2021-12-03,299.7176634470622
2021-12-04,299.4111442565918
2021-12-05,299.39195823669434
2021-12-06,300.2425289154053
2021-12-07,300.1840985616048
2021-12-08,300.14637756347656
2021-12-09,299.9212729136149
2021-12-10,300.3852825164795
2021-12-11,301.10501289367676
2021-12-12,301.0885524749756
2021-12-13,301.1904582977295
2021-12-14,300.9171956380208
2021-12-15,300.6009744008382
2021-12-16,300.5988190968831
2021-12-17,300.8294143676758
2021-12-18,300.8899040222168
2021-12-19,300.50938924153644
2021-12-20,300.8935724894206
2021-12-21,301.03953806559247
2021-12-22,300.9449825286865
2021-12-23,301.73976771036786
2021-12-24,300.74431737263996
2021-12-25,299.5660463968913
2021-12-26,299.4640827178955
2021-12-27,300.01142565409344
2021-12-28,299.89055188496906
2021-12-29,300.0985399881999
2021-12-30,299.8491096496582
2021-12-31,298.5977954864502
2022-01-01,298.352986017863
2022-01-02,298.28784879048663
2022-01-03,298.1663939158122
2022-01-04,298.5807819366455
2022-01-05,298.578067779541
2022-01-06,298.42696889241535
2022-01-07,298.7960828145345
2022-01-08,298.7808659871419
2022-01-09,298.03148969014484
2022-01-10,299.2109940846761
2022-01-11,298.56295013427734
2022-01-12,299.3459726969401
2022-01-13,298.96093622843426
2022-01-14,299.9367930094401
2022-01-15,299.3034839630127
2022-01-16,298.79035631815594
2022-01-17,298.5910924275716
2022-01-18,297.94162623087567
2022-01-19,297.8050944010417
2022-01-20,299.71100489298504
2022-01-21,299.9486948649089
2022-01-22,300.0286356608073
2022-01-23,299.6298459370931
2022-01-24,298.24950154622394
2022-01-25,299.17818387349445
2022-01-26,299.1094277699788
2022-01-27,297.9627431233724
2022-01-28,297.5205783843994
2022-01-29,297.26924324035645
2022-01-30,298.25001462300617
2022-01-31,298.5248152414958
2022-02-01,298.8325932820638
2022-02-02,299.3904571533203
2022-02-03,299.1542231241862
2022-02-04,298.7377179463704
2022-02-05,298.78605461120605
2022-02-06,298.7280413309733
2022-02-07,299.22242736816406
2022-02-08,299.49924023946124
2022-02-09,299.3938643137614
2022-02-10,298.73810450236004
2022-02-11,298.99847984313965
2022-02-12,299.5895481109619
2022-02-13,299.3077932993571
2022-02-14,299.2509530385335
2022-02-15,299.18849817911786
2022-02-16,298.89717356363934
2022-02-17,299.4828351338704
2022-02-18,299.89305305480957
2022-02-19,299.7494309743245
2022-02-20,299.20297114054364
2022-02-21,299.3056271870931
2022-02-22,299.23292605082196
2022-02-23,300.17806752522785
2022-02-24,300.3499577840169
2022-02-25,299.43038749694824
2022-02-26,299.5313835144043
2022-02-27,299.64375559488934
2022-02-28,299.24945131937665
2022-03-01,298.7072531382243
2022-03-02,299.609800974528
2022-03-03,299.5699297587077
2022-03-04,299.0432478586833
2022-03-05,298.9902820587158
2022-03-06,297.3003012339274
2022-03-07,298.0679880777995
2022-03-08,299.19357744852704
2022-03-09,298.9047101338704
2022-03-10,298.66041564941406
2022-03-11,298.2473793029785
2022-03-12,298.691551844279
2022-03-13,298.8656698862712
2022-03-14,298.8994140625
2022-03-15,297.836176554362
2022-03-16,298.3012835184733
2022-03-17,299.4392776489258
2022-03-18,297.8915672302246
2022-03-19,297.89653460184735
2022-03-20,299.2609945933024
2022-03-21,298.31371180216473
2022-03-22,297.60814539591473
2022-03-23,298.7988751729329
2022-03-24,298.1349239349365
2022-03-25,298.573424021403
2022-03-26,299.05814997355145
2022-03-27,298.7722047170003
2022-03-28,297.8748582204183
2022-03-29,297.6050319671631
2022-03-30,297.46193504333496
2022-03-31,297.56946754455566
2022-04-01,298.62105051676434
2022-04-02,299.2516975402832
2022-04-03,299.31410789489746
2022-04-04,298.6873016357422
2022-04-05,298.0815601348877
2022-04-06,298.00159962972003
2022-04-07,298.3741925557454
2022-04-08,298.1651496887207
2022-04-09,298.2745221455892
2022-04-10,297.97649574279785
2022-04-11,298.7018928527832
2022-04-12,298.84850311279297
2022-04-13,298.78342310587567
2022-04-14,299.4439156850179
2022-04-15,298.97941335042316
2022-04-16,298.7368729909261
2022-04-17,299.0064042409261
2022-04-18,298.78796005249023
2022-04-19,299.02516174316406
2022-04-20,298.7585277557373
2022-04-21,299.0193354288737
2022-04-22,298.35708236694336
2022-04-23,297.95325024922687
2022-04-24,298.57813199361163
2022-04-25,299.9592628479004
2022-04-26,299.06789143880206
2022-04-27,298.3978551228841
2022-04-28,298.33618354797363
2022-04-29,298.9349060058594
2022-04-30,298.3211307525635
2022-05-01,298.73387145996094
2022-05-02,298.8567129770915
2022-05-03,298.33816655476886
2022-05-04,298.7075430552165
2022-05-05,299.22238604227704
2022-05-06,299.66250228881836
2022-05-07,298.91024017333984
2022-05-08,298.5155957539876
2022-05-09,298.4654083251953
2022-05-10,298.20727729797363
2022-05-11,299.3825340270996
2022-05-12,298.6941445668538
2022-05-13,299.73106066385907
2022-05-14,299.20469729105633
2022-05-15,299.19038073221844
2022-05-16,300.52636273701984
2022-05-17,300.5200017293294
2022-05-18,299.23202832539874
2022-05-19,298.15374692281085
2022-05-20,298.1413796742757
2022-05-21,298.04919242858887
2022-05-22,299.0453364054362
2022-05-23,298.5732707977295
2022-05-24,298.89624977111816
2022-05-25,299.2982457478841
2022-05-26,299.44389661153156
2022-05-27,298.93231201171875
2022-05-28,298.9264602661133
2022-05-29,298.4393939971924
2022-05-30,298.8094317118327
2022-05-31,299.0374946594238
2022-06-01,299.0002072652181
2022-06-02,299.48338381449383
2022-06-03,299.2492669423421
2022-06-04,299.3713912963867
2022-06-05,299.0018081665039
2022-06-06,299.0102532704671
2022-06-07,298.6731408437093
2022-06-08,299.2437661488851
2022-06-09,299.1726754506429
2022-06-10,298.4835370381673
2022-06-11,299.1385154724121
2022-06-12,299.6687094370524
2022-06-13,299.80151240030926
2022-06-14,299.47367095947266
2022-06-15,299.69188690185547
2022-06-16,299.52454948425293
2022-06-17,300.09726015726727
2022-06-18,300.1215699513753
2022-06-19,299.8888130187988
2022-06-20,299.705597559611
2022-06-21,299.9594084421794
2022-06-22,298.68074735005695
2022-06-23,299.71284039815265
2022-06-24,300.20370356241864
2022-06-25,299.90107345581055
2022-06-26,299.4396165211995
2022-06-27,300.2332305908203
2022-06-28,299.9991645812988
2022-06-29,299.6244150797526
2022-06-30,299.1037877400716
2022-07-01,299.73084195454913
2022-07-02,299.78978220621747
2022-07-03,299.27076466878253
2022-07-04,299.10073216756183
2022-07-05,299.78627586364746
2022-07-06,299.7266050974528
2022-07-07,299.11381848653156
2022-07-08,299.4661445617676
2022-07-09,299.71666145324707
2022-07-10,299.99889755249023
2022-07-11,300.3744417826335
2022-07-12,299.80598704020184
2022-07-13,299.65838559468585
2022-07-14,299.9659887949626
2022-07-15,299.5984083811442
2022-07-16,299.55534744262695
2022-07-17,300.31819852193195
2022-07-18,299.3096504211426
2022-07-19,299.4281940460205
2022-07-20,300.43235842386883
2022-07-21,300.3634904225667
2022-07-22,300.48898633321124
2022-07-23,300.8606154123942
2022-07-24,300.54102007548016
2022-07-25,300.5965220133464
2022-07-26,300.51269340515137
2022-07-27,300.851079305013
2022-07-28,300.60183334350586
2022-07-29,300.2436052958171
2022-07-30,300.0254656473796
2022-07-31,299.7648983001709
2022-08-01,299.27880096435547
2022-08-02,300.1908423105876
2022-08-03,300.4715684254964
2022-08-04,299.7564271291097
2022-08-05,300.2780392964681
2022-08-06,300.2417920430501
2022-08-07,300.28121248881024
2022-08-08,300.71814409891766
2022-08-09,300.90099143981934
2022-08-10,300.47671445210773
2022-08-11,300.4712683359782
2022-08-12,300.67589950561523
2022-08-13,300.7388159434001
2022-08-14,300.5370299021403
2022-08-15,300.5577704111735
2022-08-16,300.9891929626465
2022-08-17,301.2002010345459
2022-08-18,301.15260887145996
2022-08-19,301.1748472849528
2022-08-20,300.73525365193683
2022-08-21,300.65500322977704
2022-08-22,301.2068042755127
2022-08-23,301.0671634674072
2022-08-24,300.3511912027995
2022-08-25,300.1433734893799
2022-08-26,299.7490228017171
2022-08-27,300.1557165781657
2022-08-28,300.56658426920575
2022-08-29,300.9241530100505
2022-08-30,300.90078862508136
2022-08-31,300.90881538391113
2022-09-01,301.26832389831543
2022-09-02,301.405024210612
2022-09-03,301.32160568237305
2022-09-04,301.216349919637
2022-09-05,301.10910415649414
2022-09-06,300.60036786397296
2022-09-07,300.77002716064453
2022-09-08,300.85105005900067
2022-09-09,300.98889605204266
2022-09-10,300.7916564941406
2022-09-11,300.88993581136066
2022-09-12,300.99443435668945
2022-09-13,300.6102212270101
2022-09-14,300.9687964121501
2022-09-15,300.98891003926593
2022-09-16,301.15256627400714
2022-09-17,301.0960985819499
2022-09-18,300.940736134847
2022-09-19,301.00534693400067
2022-09-20,300.9601796468099
2022-09-21,301.2456696828206
2022-09-22,301.21603139241535
2022-09-23,300.80492846171063
2022-09-24,301.12305641174316
2022-09-25,300.92561022440594
2022-09-26,300.88652483622235
2022-09-27,301.1454207102458
2022-09-28,301.4991709391276
2022-09-29,301.40438016255695
2022-09-30,301.32024574279785
2022-10-01,301.08925755818683
2022-10-02,300.79895210266113
2022-10-03,300.9700291951497
2022-10-04,301.0344632466634
2022-10-05,301.07573318481445
2022-10-06,301.25501251220703
2022-10-07,301.4216613769531
2022-10-08,301.23004086812335
2022-10-09,300.9427324930827
2022-10-10,301.35406430562335
2022-10-11,300.980131149292
2022-10-12,301.1829096476237
2022-10-13,301.48075675964355
2022-10-14,301.74478276570636
2022-10-15,301.2860050201416
2022-10-16,301.09570693969727
2022-10-17,301.04401270548504
2022-10-18,301.42724291483563
2022-10-19,301.6835797627767
2022-10-20,301.5164324442546
2022-10-21,301.5003840128581
2022-10-22,301.62890752156574
2022-10-23,301.1960277557373
2022-10-24,301.2431475321452
2022-10-25,301.5681521097819
2022-10-26,301.4676431020101
2022-10-27,301.68322436014813
2022-10-28,302.02209027608234
2022-10-29,301.8419195810954
2022-10-30,301.829688390096
2022-10-31,301.8129234313965
2022-11-01,301.851863861084
2022-11-02,301.95048904418945
2022-11-03,300.55364418029785
2022-11-04,298.56960741678876
2022-11-05,298.55321311950684
2022-11-06,299.2843583424886
2022-11-07,299.5319474538167
2022-11-08,298.61112213134766
2022-11-09,299.3927745819092
2022-11-10,300.10341389973956
2022-11-11,300.45938364664715
2022-11-12,300.7948741912842
2022-11-13,300.5257097880046
2022-11-14,300.8784465789795
2022-11-15,301.24716250101727
2022-11-16,300.74164454142254
2022-11-17,300.61429023742676
2022-11-18,300.3474858601888
2022-11-19,300.05945142110187
2022-11-20,300.70034408569336
2022-11-21,300.6839548746745
2022-11-22,300.97314643859863
2022-11-23,300.89807573954266
2022-11-24,300.82974179585773
2022-11-25,300.6684322357178
2022-11-26,301.11123593648273
2022-11-27,300.975887298584
2022-11-28,300.973051071167
2022-11-29,299.7565854390462
2022-11-30,298.90202649434406
2022-12-01,300.3937683105469
2022-12-02,300.052214940389
2022-12-03,299.7764727274577
2022-12-04,299.98297627766925
2022-12-05,299.25846608479816
2022-12-06,300.3477592468262
2022-12-07,300.87153752644855
2022-12-08,300.6310749053955
2022-12-09,300.75244522094727
2022-12-10,300.4841817220052
2022-12-11,300.2884686787923
2022-12-12,300.66909726460773
2022-12-13,300.87483914693195
2022-12-14,300.0459524790446
2022-12-15,300.16283798217773
2022-12-16,300.5916500091553
2022-12-17,300.787171681722
2022-12-18,300.10225168863934
2022-12-19,300.22311719258624
2022-12-20,300.04712041219074
2022-12-21,299.65375391642254
2022-12-22,299.26876068115234
2022-12-23,297.56364313761395
2022-12-24,298.85878626505536
2022-12-25,300.12828254699707
2022-12-26,300.6038049062093
2022-12-27,300.3734537760417
2022-12-28,299.7628033955892
2022-12-29,298.66324551900226
2022-12-30,299.08349482218426
2022-12-31,299.66813532511395
2023-01-01,299.31806055704754
2023-01-02,299.4057426452637
2023-01-03,299.5987319946289
2023-01-04,299.2437286376953
2023-01-05,300.26165262858075
2023-01-06,300.3179066975911
2023-01-07,300.0310713450114
2023-01-08,299.9525394439697
2023-01-09,299.53354771931964
2023-01-10,300.27112070719403
2023-01-11,300.3440869649251
2023-01-12,299.7411410013835
2023-01-13,299.41762860616046
2023-01-14,299.4297790527344
2023-01-15,298.1711889902751
2023-01-16,298.5465170542399
2023-01-17,298.6177730560303
2023-01-18,297.74134190877277
2023-01-19,297.57772636413574
2023-01-20,298.69470405578613
2023-01-21,299.248987197876
2023-01-22,298.9452381134033
2023-01-23,298.3593832651774
2023-01-24,298.28293164571124
2023-01-25,297.63288434346515
2023-01-26,297.86060460408527
2023-01-27,298.14100011189777
2023-01-28,298.6121546427409
2023-01-29,298.78948465983075
2023-01-30,298.3500181833903
2023-01-31,298.4636821746826
2023-02-01,297.4759159088135
2023-02-02,296.9853006998698
2023-02-03,298.47983423868817
2023-02-04,299.0142052968343
2023-02-05,299.00881004333496
2023-02-06,298.9795373280843
2023-02-07,298.61464500427246
2023-02-08,298.70627721150714
2023-02-09,298.83813349405926
2023-02-10,299.29284540812176
2023-02-11,298.53416506449383
2023-02-12,299.58116404215497
2023-02-13,299.8511422475179
2023-02-14,299.40006828308105
2023-02-15,298.9412612915039
2023-02-16,298.43278948465985
2023-02-17,298.2528527577718
2023-02-18,298.19138526916504
2023-02-19,297.6465816497803
2023-02-20,298.6467094421387
2023-02-21,298.93495241800946
2023-02-22,297.93112564086914
2023-02-23,297.95279057820636
2023-02-24,299.0398915608724
2023-02-25,299.05735460917157
2023-02-26,298.2664909362793
2023-02-27,298.95770772298175
2023-02-28,299.13959821065265
2023-03-01,299.7933661142985
2023-03-02,298.96871821085614
2023-03-03,298.98008410135907
2023-03-04,297.76845359802246
2023-03-05,298.58419036865234
2023-03-06,299.4406503041585
2023-03-07,299.1038163503011
2023-03-08,299.3729674021403
2023-03-09,298.9992396036784
2023-03-10,298.7569389343262
2023-03-11,299.6174736022949
2023-03-12,299.4953695933024
2023-03-13,298.7397168477376
2023-03-14,297.9565881093343
2023-03-15,297.59792645772296
2023-03-16,298.2079995473226
2023-03-17,297.8539473215739
2023-03-18,298.0600471496582
2023-03-19,298.0938326517741
2023-03-20,297.71139589945477
2023-03-21,297.99451065063477
2023-03-22,298.321813583374
2023-03-23,299.624215443929
2023-03-24,298.8621298472087
2023-03-25,299.29407628377277
2023-03-26,298.9156977335612
2023-03-27,298.7257277170817
2023-03-28,298.1645736694336
2023-03-29,297.7094586690267
2023-03-30,298.7394091288249
2023-03-31,298.3515822092692
2023-04-01,298.0130392710368
2023-04-02,298.178471883138
2023-04-03,298.0167121887207
2023-04-04,298.4849491119385
2023-04-05,298.2106825510661
2023-04-06,297.7289956410726
2023-04-07,298.6343021392822
2023-04-08,298.8562126159668
2023-04-09,299.0618209838867
2023-04-10,298.98252232869464
2023-04-11,299.0172996520996
2023-04-12,299.425324122111
2023-04-13,298.6264826456706
2023-04-14,299.66037877400714
2023-04-15,299.44609514872235
2023-04-16,298.9586931864421
2023-04-17,299.30620129903156
2023-04-18,298.44347127278644
2023-04-19,298.43582979838055
2023-04-20,298.60812123616535
2023-04-21,300.07901700337726
2023-04-22,300.65598742167157
2023-04-23,300.11609903971356
2023-04-24,299.9304593404134
2023-04-25,299.6930338541667
2023-04-26,299.39322598775226
2023-04-27,298.6876392364502
2023-04-28,299.53427759806317
2023-04-29,299.9015401204427
2023-04-30,299.76639620463055
2023-05-01,299.29369672139484
2023-05-02,298.9604123433431
2023-05-03,298.5196590423584
2023-05-04,298.86731656392413
2023-05-05,300.0625915527344
2023-05-06,299.83276494344074
2023-05-07,300.1866683959961
2023-05-08,300.6161289215088
2023-05-09,300.1158924102783
2023-05-10,300.1175988515218
2023-05-11,299.815471013387
2023-05-12,299.40640385945636
2023-05-13,300.37146123250324
2023-05-14,300.1601206461589
2023-05-15,300.44043731689453
2023-05-16,300.33245340983075
2023-05-17,299.70448048909503
2023-05-18,299.36201604207355
2023-05-19,299.3097890218099
2023-05-20,299.5349636077881
2023-05-21,299.58663813273114
2023-05-22,300.2428321838379
2023-05-23,301.0386848449707
2023-05-24,299.99256706237793
2023-05-25,299.97160212198895
2023-05-26,300.1922200520833
2023-05-27,299.1294066111247
2023-05-28,299.304012298584
2023-05-29,299.9806435902913
2023-05-30,300.02000681559247
2023-05-31,300.2788454691569
2023-06-01,300.3379141489665
2023-06-02,300.63114229838055
2023-06-03,299.6092236836751
2023-06-04,299.87109247843426
2023-06-05,300.0578861236572
2023-06-06,299.65588760375977
2023-06-07,299.74051094055176
2023-06-08,299.84091504414874
2023-06-09,299.9833641052246
2023-06-10,300.16528765360516
2023-06-11,299.9247468312581
2023-06-12,300.23706372578937
2023-06-13,300.4236017862956
2023-06-14,300.3251425425212
2023-06-15,300.4607810974121
2023-06-16,300.33498509724933
2023-06-17,299.59069951375324
2023-06-18,299.43744977315265
2023-06-19,300.1510690053304
2023-06-20,299.5594730377197
2023-06-21,299.77821350097656
2023-06-22,299.80004628499347
2023-06-23,300.33374977111816
2023-06-24,300.59310086568195
2023-06-25,300.4155864715576
2023-06-26,300.28651428222656
2023-06-27,300.29174677530926
2023-06-28,300.17687288920087
2023-06-29,300.57733726501465
2023-06-30,300.6019700368245
2023-07-01,300.29171498616535
2023-07-02,300.5586910247803
2023-07-03,300.8918228149414
2023-07-04,300.8502667744954
2023-07-05,300.3851566314697
2023-07-06,300.2859363555908
2023-07-07,300.28483899434406
2023-07-08,300.2709897359212
2023-07-09,300.1580982208252
2023-07-10,300.0960998535156
2023-07-11,300.1545658111572
2023-07-12,300.1225077311198
2023-07-13,300.20805676778156
2023-07-14,300.5422643025716
2023-07-15,300.6739495595296
2023-07-16,300.46070035298663
2023-07-17,300.3256479899089
2023-07-18,300.61580022176105
2023-07-19,300.7333806355794
2023-07-20,300.115514755249
2023-07-21,300.70822525024414
2023-07-22,300.6826349894206
2023-07-23,301.0842037200928
2023-07-24,301.21643257141113
2023-07-25,300.81065940856934
2023-07-26,300.5738608042399
2023-07-27,301.13774490356445
2023-07-28,300.9641106923421
2023-07-29,300.9846076965332
2023-07-30,301.0807361602783
2023-07-31,300.62481625874835
2023-08-01,300.55825487772626
2023-08-02,300.9120381673177
2023-08-03,301.1581338246663
2023-08-04,300.9261131286621
2023-08-05,300.9364382425944
2023-08-06,301.1794738769531
2023-08-07,300.92757479349774
2023-08-08,301.0198516845703
2023-08-09,300.9292958577474
2023-08-10,300.71057383219403
2023-08-11,301.25085067749023
2023-08-12,300.9333076477051
2023-08-13,300.67813046773273
2023-08-14,301.1743456522624
2023-08-15,301.7136910756429
2023-08-16,301.1121635437012
2023-08-17,301.36108016967773
2023-08-18,301.78717041015625
2023-08-19,301.74481773376465
2023-08-20,301.7485459645589
2023-08-21,301.5027109781901
2023-08-22,301.64145787556964
2023-08-23,301.13340187072754
2023-08-24,301.0237121582031
2023-08-25,301.12366167704266
2023-08-26,301.2097403208415
2023-08-27,301.51638921101886
2023-08-28,301.24549611409503
2023-08-29,301.41174570719403
2023-08-30,301.28537940979004
2023-08-31,301.3753725687663
2023-09-01,301.36785252888996
2023-09-02,301.6063817342122
2023-09-03,301.2136370340983
2023-09-04,301.371529897054
2023-09-05,301.24117914835614
2023-09-06,301.44786262512207
2023-09-07,301.6004416147868
2023-09-08,301.59921709696454
2023-09-09,301.630854288737
2023-09-10,301.5703322092692
2023-09-11,301.6189562479655
2023-09-12,301.5714480082194
2023-09-13,301.38068771362305
2023-09-14,301.3151327768962
2023-09-15,301.38854662577313
2023-09-16,301.6238435109456
2023-09-17,301.5280278523763
2023-09-18,301.4653835296631
2023-09-19,301.4488919576009
2023-09-20,301.6928418477376
2023-09-21,301.8301137288411
2023-09-22,301.5857054392497
2023-09-23,301.55553817749023
2023-09-24,301.9722792307536
2023-09-25,301.709774017334
2023-09-26,301.8711191813151
2023-09-27,301.85908635457355
2023-09-28,302.2112414042155
2023-09-29,302.01739438374835
2023-09-30,301.75033378601074
2023-10-01,302.08751106262207
2023-10-02,302.45145352681476
2023-10-03,302.4759775797526
2023-10-04,302.07452456156415
2023-10-05,301.88390668233234
2023-10-06,301.94975662231445
2023-10-07,301.7930850982666
2023-10-08,302.2474842071533
2023-10-09,301.98107782999676
2023-10-10,302.0876687367757
2023-10-11,301.55473709106445
2023-10-12,301.4942881266276
2023-10-13,301.9290777842204
2023-10-14,302.1195119222005
2023-10-15,302.04861132303876
2023-10-16,301.6144282023112
2023-10-17,301.03943188985187
2023-10-18,301.0303815205892
2023-10-19,301.8055559794108
2023-10-20,301.90144030253094
2023-10-21,301.9314435323079
2023-10-22,301.9402961730957
2023-10-23,301.97141710917157
2023-10-24,301.47277069091797
2023-10-25,301.8452154795329
2023-10-26,301.5448621114095
2023-10-27,301.9898115793864
2023-10-28,302.0920530954997
2023-10-29,302.13438479105633
2023-10-30,301.9831008911133
2023-10-31,301.94139734903973
2023-11-01,302.0657876332601
2023-11-02,302.35585021972656
2023-11-03,302.38293075561523
2023-11-04,302.3548666636149
2023-11-05,302.0840581258138
2023-11-06,302.5645058949788
2023-11-07,301.80060958862305
2023-11-08,302.45872179667157
2023-11-09,301.86810938517254
2023-11-10,302.2554480234782
2023-11-11,302.3677686055501
2023-11-12,302.02637481689453
2023-11-13,302.0620422363281
2023-11-14,301.8530616760254
2023-11-15,302.37329991658527
2023-11-16,302.27742767333984
2023-11-17,301.91743723551434
2023-11-18,301.90440305074054
2023-11-19,302.3194268544515
2023-11-20,301.68151410420734
2023-11-21,301.3275680541992
2023-11-22,300.8002465565999
2023-11-23,300.82694244384766
2023-11-24,301.8100001017253
2023-11-25,301.8707021077474
2023-11-26,301.310759862264
2023-11-27,300.9030132293701
2023-11-28,301.2099806467692
2023-11-29,301.1027584075928
2023-11-30,301.300599416097
2023-12-01,301.0696741739909
2023-12-02,300.9905776977539
2023-12-03,300.85550053914386
2023-12-04,300.65085220336914
2023-12-05,300.3577130635579
2023-12-06,300.582244237264
2023-12-07,301.48953374226886
2023-12-08,301.5765806833903
2023-12-09,301.40379524230957
2023-12-10,300.98989486694336
2023-12-11,301.53706550598145
2023-12-12,301.6798858642578
2023-12-13,301.3163693745931
2023-12-14,301.68606249491376
2023-12-15,301.5221138000488
2023-12-16,301.8302256266276
2023-12-17,301.5599829355876
2023-12-18,301.3025588989258
2023-12-19,300.80092366536456
2023-12-20,300.85406557718915
2023-12-21,299.5107307434082
2023-12-22,300.3704840342204
2023-12-23,301.1710510253906
2023-12-24,301.62217394510907
2023-12-25,301.42599868774414
2023-12-26,301.03969701131183
2023-12-27,300.3800741831462
2023-12-28,300.354393641154
2023-12-29,300.92041142781574
2023-12-30,300.3897698720296
2023-12-31,299.7659397125244
2024-01-01,299.65787442525226
2024-01-02,299.98432604471844
2024-01-03,298.9343070983887
2024-01-04,299.81350898742676
2024-01-05,299.8618246714274
2024-01-06,300.362206141154
2024-01-07,298.33347511291504
2024-01-08,299.7126547495524
2024-01-09,300.57178115844727
2024-01-10,300.53471819559735
2024-01-11,300.2808329264323
2024-01-12,299.298729578654
2024-01-13,297.902161916097
2024-01-14,298.7480189005534
2024-01-15,299.5482991536458
2024-01-16,300.21091016133624
2024-01-17,300.90557924906415
2024-01-18,300.5723870595296
2024-01-19,300.5005391438802
2024-01-20,300.9779160817464
2024-01-21,300.8663552602132
2024-01-22,300.62081082661945
2024-01-23,300.72362963358563
2024-01-24,300.42468452453613
2024-01-25,300.7949981689453
2024-01-26,301.04809761047363
2024-01-27,300.2438316345215
2024-01-28,300.49431737263996
2024-01-29,300.2180658976237
2024-01-30,299.8249759674072
2024-01-31,300.4348735809326
2024-02-01,299.7651646931966
2024-02-02,299.1527214050293
2024-02-03,300.2119032541911
2024-02-04,300.86223284403485
2024-02-05,300.77627499898273
2024-02-06,300.8538360595703
2024-02-07,301.01875495910645
2024-02-08,300.9364178975423
2024-02-09,300.5860226949056
2024-02-10,299.7502098083496
2024-02-11,300.44177373250324
2024-02-12,300.3760344187419
2024-02-13,298.50926844278973
2024-02-14,299.27537218729657
2024-02-15,299.37290064493817
2024-02-16,299.94911766052246
2024-02-17,300.2438824971517
2024-02-18,299.36998812357587
2024-02-19,299.8126475016276
2024-02-20,299.59697977701825
2024-02-21,300.30834770202637
2024-02-22,298.9061972300212
2024-02-23,298.45878346761066
2024-02-24,299.92210578918457
2024-02-25,299.08080037434894
2024-02-26,298.58628209431964
2024-02-27,298.11306953430176
2024-02-28,297.95520973205566
2024-02-29,298.45642789204913
2024-03-01,299.2003053029378
2024-03-02,300.22897720336914
2024-03-03,300.1425355275472
2024-03-04,300.06628545125324
2024-03-05,300.0359541575114
2024-03-06,300.57654825846356
2024-03-07,300.08912658691406
2024-03-08,299.6607030232747
2024-03-09,299.1911195119222
2024-03-10,299.8872896830241
2024-03-11,299.9282989501953
2024-03-12,300.2529188791911
2024-03-13,299.9429931640625
2024-03-14,299.854429880778
2024-03-15,299.3276481628418
2024-03-16,299.3574396769206
2024-03-17,299.1382033030192
2024-03-18,299.3572705586751
2024-03-19,299.44512303670246
2024-03-20,298.88253657023114
2024-03-21,298.78869883219403
2024-03-22,298.70774777730304
2024-03-23,298.92874908447266
2024-03-24,298.37138684590656
2024-03-25,299.2628116607666
2024-03-26,299.1131820678711
2024-03-27,300.03538004557294
2024-03-28,300.1291211446126
2024-03-29,299.023286819458
2024-03-30,299.31774648030597
2024-03-31,300.43868891398114
2024-04-01,299.76675669352215
2024-04-02,300.29525057474774
2024-04-03,299.69825490315753
2024-04-04,300.0044396718343
2024-04-05,299.78660837809247
2024-04-06,299.81003125508624
2024-04-07,299.40210660298663
2024-04-08,299.2538070678711
2024-04-09,299.4604034423828
2024-04-10,299.15758260091144
2024-04-11,300.19520314534503
2024-04-12,298.91095034281415
2024-04-13,298.71913719177246
2024-04-14,298.413719813029
2024-04-15,298.4996274312337
2024-04-16,300.0811398824056
2024-04-17,300.1402505238851
2024-04-18,299.586212793986
2024-04-19,299.60852177937824
2024-04-20,300.1855297088623
2024-04-21,299.63790766398114
2024-04-22,299.4101734161377
2024-04-23,300.0316505432129
2024-04-24,299.9654000600179
2024-04-25,299.2545166015625
2024-04-26,300.0143458048503
2024-04-27,299.8102575937907
2024-04-28,299.41714096069336
2024-04-29,300.28057352701825
2024-04-30,300.0487543741862
2024-05-01,299.78344027201337
2024-05-02,300.0309810638428
2024-05-03,300.3032366434733
2024-05-04,300.23305956522626
2024-05-05,300.17067527770996
2024-05-06,300.17835426330566
2024-05-07,299.5742244720459
2024-05-08,300.61334228515625
2024-05-09,300.93833859761554
2024-05-10,300.24108441670734
2024-05-11,299.91393280029297
2024-05-12,299.70733070373535
2024-05-13,300.3833478291829
2024-05-14,300.28518358866376
2024-05-15,300.36318524678546
2024-05-16,299.9749355316162
2024-05-17,299.9946753184001
2024-05-18,300.0802421569824
2024-05-19,300.69264539082843
2024-05-20,300.7576554616292
2024-05-21,300.5751870473226
2024-05-22,300.92432530721027
2024-05-23,301.15674718221027
2024-05-24,301.08101590474445
2024-05-25,300.0796076456706
2024-05-26,299.7495816548665
2024-05-27,299.33477274576825
2024-05-28,300.52699788411456
2024-05-29,300.9404131571452
2024-05-30,300.3730818430583
2024-05-31,299.6740640004476
2024-06-01,300.02997970581055
2024-06-02,300.4765434265137
2024-06-03,300.2362874348958
2024-06-04,300.1354624430339
2024-06-05,300.51143646240234
2024-06-06,300.4644203186035
2024-06-07,300.43089866638184
2024-06-08,300.719269434611
2024-06-09,300.0847574869792
2024-06-10,299.1642951965332
2024-06-11,300.03576787312824
2024-06-12,300.4111334482829
2024-06-13,300.3160794576009
2024-06-14,300.47234535217285
2024-06-15,300.578577041626
2024-06-16,300.65978876749676
2024-06-17,300.5237051645915
2024-06-18,300.5813566843669
2024-06-19,300.70943450927734
2024-06-20,300.5480702718099
2024-06-21,300.3766447703044
2024-06-22,300.5556990305583
2024-06-23,300.3825035095215
2024-06-24,299.7446816762288
2024-06-25,299.6181055704753
2024-06-26,300.11044057210285
2024-06-27,300.40088907877606
2024-06-28,300.3956178029378
2024-06-29,300.418119430542
2024-06-30,300.37925211588544
2024-07-01,300.438663482666
2024-07-02,300.6369285583496
2024-07-03,300.3764457702637
2024-07-04,300.0084629058838
2024-07-05,300.4099833170573
2024-07-06,300.5794092814128
2024-07-07,300.3168544769287
2024-07-08,300.1772238413493
2024-07-09,300.36158816019696
2024-07-10,300.55560811360675
2024-07-11,300.6308015187581
2024-07-12,300.3585268656413
2024-07-13,300.990421295166
2024-07-14,301.24525769551593
2024-07-15,301.5236873626709
2024-07-16,301.20509847005206
2024-07-17,301.22450002034503
2024-07-18,301.23126284281415
2024-07-19,301.24916076660156
2024-07-20,301.45651054382324
2024-07-21,301.7071482340495
2024-07-22,301.5076166788737
2024-07-23,301.2518711090088
2024-07-24,301.05384063720703
2024-07-25,301.56686719258624
2024-07-26,301.7510102589925
2024-07-27,301.65429878234863
2024-07-28,301.1390794118245
2024-07-29,301.9180202484131
2024-07-30,301.765339533488
2024-07-31,301.13391812642413
2024-08-01,301.0191198984782
2024-08-02,300.96051088968915
2024-08-03,301.40527725219727
2024-08-04,301.5424404144287
2024-08-05,301.5399691263835
2024-08-06,301.38672828674316
2024-08-07,302.00485547383624
2024-08-08,301.5900135040283
2024-08-09,301.6842206319173
2024-08-10,301.56712595621747
2024-08-11,301.2545859018962
2024-08-12,300.8877919514974
2024-08-13,300.8932641347249
2024-08-14,300.6810754140218
2024-08-15,301.0770619710286
2024-08-16,301.31196721394855
2024-08-17,301.13691902160645
2024-08-18,301.1597709655762
2024-08-19,301.0640157063802
2024-08-20,301.42971356709796
2024-08-21,301.7426954905192
2024-08-22,301.26640065511066
2024-08-23,301.31606165568036
2024-08-24,301.36242421468097
2024-08-25,301.7265116373698
2024-08-26,301.6288153330485
2024-08-27,301.3733139038086
2024-08-28,300.76379648844403
2024-08-29,301.23155975341797
2024-08-30,301.963373819987
2024-08-31,302.28440221150714
2024-09-01,302.1446533203125
2024-09-02,301.78430302937824
2024-09-03,301.84008534749347
2024-09-04,302.03023592631024
2024-09-05,301.6917203267415
2024-09-06,301.8938439687093
2024-09-07,302.08764266967773
2024-09-08,301.8319460550944
2024-09-09,301.6599413553874
2024-09-10,302.1819140116374
2024-09-11,302.05824343363446
2024-09-12,301.94247881571454
2024-09-13,302.4076976776123
2024-09-14,302.1289348602295
2024-09-15,301.8607641855876
2024-09-16,302.1825834910075
2024-09-17,302.1045436859131
2024-09-18,301.9544169108073
2024-09-19,301.78074073791504
2024-09-20,301.9982147216797
2024-09-21,301.596253712972
2024-09-22,301.70950508117676
2024-09-23,301.9079163869222
2024-09-24,301.60720189412433
2024-09-25,301.2869008382161
2024-09-26,301.32983080546063
2024-09-27,301.7426306406657
2024-09-28,301.84266153971356
2024-09-29,301.45691235860187
2024-09-30,301.17490005493164
2024-10-01,300.8964366912842
2024-10-02,301.3902587890625
2024-10-03,301.66555341084796
2024-10-04,301.76223119099933
2024-10-05,301.5392195383708
2024-10-06,301.554349899292
2024-10-07,301.3677336374919
2024-10-08,301.7656415303548
2024-10-09,301.89548746744794
2024-10-10,301.6259066263835
2024-10-11,301.590181350708
2024-10-12,301.8012116750081
2024-10-13,302.1852099100749
2024-10-14,301.845698038737
2024-10-15,301.4701608022054
2024-10-16,301.5536295572917
2024-10-17,301.76684951782227
2024-10-18,301.8118896484375
2024-10-19,301.9664427439372
2024-10-20,302.375093460083
2024-10-21,302.6794026692708
2024-10-22,302.2059911092122
2024-10-23,301.7995211283366
2024-10-24,301.649117787679
2024-10-25,301.99939854939777
2024-10-26,301.8789774576823
2024-10-27,301.88831456502277
2024-10-28,301.9722080230713
2024-10-29,301.4580612182617
2024-10-30,301.1647243499756
2024-10-31,301.698096593221
2024-11-01,301.70114771525067
2024-11-02,302.02618471781415
2024-11-03,302.1243483225505
2024-11-04,302.16556485493976
2024-11-05,301.52237065633136
2024-11-06,301.5981731414795
2024-11-07,301.80166753133136
2024-11-08,302.3430468241374
2024-11-09,301.8164240519206
2024-11-10,301.98257001241046
2024-11-11,301.6627394358317
2024-11-12,301.7398675282796
2024-11-13,301.9158871968587
2024-11-14,301.98227310180664
2024-11-15,301.6345043182373
2024-11-16,302.10527420043945
2024-11-17,301.9421577453613
2024-11-18,301.7332172393799
2024-11-19,301.8935438791911
2024-11-20,302.08376757303876
2024-11-21,301.9203637440999
2024-11-22,302.03004519144696
2024-11-23,301.9440561930339
2024-11-24,301.7513898213704
2024-11-25,301.5933322906494
2024-11-26,302.1809374491374
2024-11-27,301.8144162495931
2024-11-28,301.98984781901044
2024-11-29,302.1225814819336
2024-11-30,301.71617635091144
2024-12-01,300.6755453745524
2024-12-02,300.7821865081787
2024-12-03,300.8830629984538
2024-12-04,300.53331629435223
2024-12-05,299.63134320576984
2024-12-06,299.37334569295246
2024-12-07,299.4011109670003
2024-12-08,299.79455184936523
2024-12-09,300.61776606241864
2024-12-10,300.16494878133136
2024-12-11,299.86853154500324
2024-12-12,300.5209509531657
2024-12-13,300.6202697753906
2024-12-14,300.83023770650226
2024-12-15,300.9962151845296
2024-12-16,301.1485315958659
2024-12-17,301.0796941121419
2024-12-18,300.9022019704183
2024-12-19,300.73510487874347
2024-12-20,300.9262059529622
2024-12-21,301.1773039499919
2024-12-22,301.1124375661214
2024-12-23,300.9939320882161
2024-12-24,300.49989255269367
2024-12-25,299.87183952331543
2024-12-26,300.4677028656006
2024-12-27,300.9860089619954
2024-12-28,300.5359115600586
2024-12-29,298.8310241699219
2024-12-30,299.4038664499919
2024-12-31,300.3469950358073
